rank;deck_name;count;share;share_numeric;wins;losses;ties;win_rate;win_rate_numeric
1;Dragapult;3377;7.81%;7,81;8520;7145;292;53.39%;53,39
2;Mega Excadrill;3092;7.15%;7,15;6929;7170;120;48.73%;48,73
3;Alakazam Dudunsparce;2548;5.89%;5,89;6288;5461;199;52.63%;52,63
4;Festival Lead;2452;5.67%;5,67;5591;5306;144;50.64%;50,64
5;Dragapult Dusknoir;2428;5.61%;5,61;5641;5438;138;50.29%;50,29
6;Dragapult Blaziken;2423;5.60%;5,6;6182;5309;209;52.84%;52,84
7;Slowking;2376;5.49%;5,49;5661;5103;150;51.87%;51,87
8;N's Zoroark;2266;5.24%;5,24;4878;5142;128;48.07%;48,07
9;Grimmsnarl Froslass;1739;4.02%;4,02;3944;3714;72;51.02%;51,02
10;Dhelmise;1699;3.93%;3,93;3798;3892;110;48.69%;48,69
11;Toucannon;1041;2.41%;2,41;2136;2337;47;47.26%;47,26
12;Raging Bolt Ogerpon;920;2.13%;2,13;2251;1953;64;52.74%;52,74
13;Mega Lucario;879;2.03%;2,03;2102;2051;41;50.12%;50,12
14;Lucario Hariyama;795;1.84%;1,84;1803;1861;39;48.69%;48,69
15;Basic Box;791;1.83%;1,83;1914;1717;57;51.90%;51,9
16;Mega Greninja;632;1.46%;1,46;1037;1423;25;41.73%;41,73
17;Ogerpon Meganium Hydrapple;599;1.38%;1,38;1532;1382;32;52.00%;52,0
18;Rocket's Honchkrow;546;1.26%;1,26;1299;1188;33;51.55%;51,55
19;Cynthia's Garchomp;532;1.23%;1,23;1286;1163;36;51.75%;51,75
20;Mega Chandelure;479;1.11%;1,11;868;1116;22;43.27%;43,27
21;Beedrill;461;1.07%;1,07;1030;1009;20;50.02%;50,02
22;Crustle;460;1.06%;1,06;1082;1031;38;50.30%;50,3
23;Mega Absol Box;390;0.90%;0,9;799;882;21;46.94%;46,94
24;Rocket's Mewtwo;386;0.89%;0,89;745;910;18;44.53%;44,53
25;Kangaskhan Bouffalant;346;0.80%;0,8;766;711;23;51.07%;51,07
26;Greninja;331;0.77%;0,77;775;758;7;50.32%;50,32
27;Lopunny Dudunsparce;324;0.75%;0,75;796;695;12;52.96%;52,96
28;Hop's Trevenant;319;0.74%;0,74;676;768;16;46.30%;46,3
29;Starmie Froslass;308;0.71%;0,71;697;723;9;48.78%;48,78
30;Lopunny Dusknoir;308;0.71%;0,71;626;640;9;49.10%;49,1
31;Manectric Eelektrik;304;0.70%;0,7;552;729;12;42.69%;42,69
32;Ethan's Typhlosion;297;0.69%;0,69;613;702;15;46.09%;46,09
33;Toxtricity Box;291;0.67%;0,67;657;602;25;51.17%;51,17
34;Ceruledge;258;0.60%;0,6;526;551;6;48.57%;48,57
35;Dragapult Dudunsparce;254;0.59%;0,59;660;535;25;54.10%;54,1
36;Ogerpon Meganium Arboliva;252;0.58%;0,58;699;534;14;56.05%;56,05
37;Mega Venusaur;230;0.53%;0,53;452;568;14;43.71%;43,71
38;Mega Darkrai;203;0.47%;0,47;301;489;2;38.01%;38,01
39;Mega Starmie;200;0.46%;0,46;466;438;12;50.87%;50,87
40;Starmie Dusknoir;197;0.46%;0,46;399;444;4;47.11%;47,11
41;Cinccino;174;0.40%;0,4;420;421;6;49.59%;49,59
42;Alakazam Dusknoir;164;0.38%;0,38;361;337;7;51.21%;51,21
43;Sharpedo Toxtricity;165;0.38%;0,38;331;360;3;47.69%;47,69
44;Steven's Metagross;150;0.35%;0,35;329;313;10;50.46%;50,46
45;Toxtricity;146;0.34%;0,34;209;363;5;36.22%;36,22
46;Blaziken Zoroark;140;0.32%;0,32;263;286;7;47.30%;47,3
47;Clefairy Ogerpon;127;0.29%;0,29;274;276;6;49.28%;49,28
48;Wailord;115;0.27%;0,27;171;275;1;38.37%;38,37
49;Okidogi Barbaracle;113;0.26%;0,26;241;247;9;48.49%;48,49
50;Froslass Munkidori;112;0.26%;0,26;181;257;3;41.04%;41,04
51;Lillie's Clefairy;109;0.25%;0,25;246;246;8;49.20%;49,2
52;Mega Froslass;103;0.24%;0,24;158;268;7;36.49%;36,49
53;Mega Abomasnow;100;0.23%;0,23;164;272;7;37.02%;37,02
54;Metagross;89;0.21%;0,21;205;223;2;47.67%;47,67
55;Mega Charizard X;93;0.21%;0,21;130;252;4;33.68%;33,68
56;Hydreigon;85;0.20%;0,2;123;221;3;35.45%;35,45
57;Flareon Noctowl;84;0.19%;0,19;154;184;3;45.16%;45,16
58;Mega Dragonite;80;0.18%;0,18;173;183;1;48.46%;48,46
59;Doublade;77;0.18%;0,18;137;175;1;43.77%;43,77
60;Diancie Dusknoir;76;0.18%;0,18;141;156;4;46.84%;46,84
61;Tera Box;73;0.17%;0,17;149;142;3;50.68%;50,68
62;Hop's Zacian;73;0.17%;0,17;130;160;4;44.22%;44,22
63;Marnie's Grimmsnarl;70;0.16%;0,16;124;147;3;45.26%;45,26
64;Seaking Festival Lead;60;0.14%;0,14;128;120;3;51.00%;51,0
65;Erika's Victreebel;61;0.14%;0,14;95;139;3;40.08%;40,08
66;Zygarde Barbaracle;56;0.13%;0,13;138;148;2;47.92%;47,92
67;Palafin;56;0.13%;0,13;129;135;3;48.31%;48,31
68;Ogerpon Meganium;58;0.13%;0,13;94;145;1;39.17%;39,17
69;Froslass Dudunsparce;58;0.13%;0,13;95;137;3;40.43%;40,43
70;Iron Thorns;56;0.13%;0,13;63;131;3;31.98%;31,98
71;Iono's Bellibolt;47;0.11%;0,11;77;111;0;40.96%;40,96
72;Bronzong;47;0.11%;0,11;85;101;0;45.70%;45,7
73;Ursaluna Lunatone;47;0.11%;0,11;70;103;2;40.00%;40,0
74;Azumarill;44;0.10%;0,1;72;93;2;43.11%;43,11
75;Archaludon;42;0.10%;0,1;53;97;0;35.33%;35,33
76;Mega Feraligatr;42;0.10%;0,1;41;94;0;30.37%;30,37
77;Yanmega;39;0.09%;0,09;75;88;2;45.45%;45,45
78;Decidueye;40;0.09%;0,09;46;92;1;33.09%;33,09
79;Mega Camerupt;33;0.08%;0,08;56;105;1;34.57%;34,57
80;Archaludon Dudunsparce;33;0.08%;0,08;40;82;1;32.52%;32,52
81;Dudunsparce Control;26;0.06%;0,06;51;66;4;42.15%;42,15
82;Rocket's Nidoking;24;0.06%;0,06;45;73;0;38.14%;38,14
83;Joltik Box;28;0.06%;0,06;50;63;0;44.25%;44,25
84;Jellicent Dusknoir;27;0.06%;0,06;42;59;0;41.58%;41,58
85;Dragapult Froslass;26;0.06%;0,06;47;50;3;47.00%;47,0
86;Alakazam;25;0.06%;0,06;43;55;1;43.43%;43,43
87;Ethan's Magcargo;24;0.06%;0,06;30;54;0;35.71%;35,71
88;Mamoswine;24;0.06%;0,06;30;51;0;37.04%;37,04
89;Sinistcha Ogerpon;23;0.05%;0,05;74;56;2;56.06%;56,06
90;Eelektrik;22;0.05%;0,05;36;64;0;36.00%;36,0
91;Misty's Gyarados;21;0.05%;0,05;29;55;0;34.52%;34,52
92;Archaludon Zoroark;23;0.05%;0,05;34;46;0;42.50%;42,5
93;Blaziken;22;0.05%;0,05;25;45;1;35.21%;35,21
94;Greninja Blaziken;19;0.04%;0,04;43;35;0;55.13%;55,13
95;Sylveon;19;0.04%;0,04;26;50;2;33.33%;33,33
96;Mega Zygarde;18;0.04%;0,04;27;51;0;34.62%;34,62
97;Blissey;18;0.04%;0,04;36;38;0;48.65%;48,65
98;Terapagos Noctowl;17;0.04%;0,04;29;41;1;40.85%;40,85
99;Gengar;17;0.04%;0,04;20;45;1;30.30%;30,3
100;Rocket's Spidops;16;0.04%;0,04;23;40;0;36.51%;36,51
101;Paldean Tauros;17;0.04%;0,04;30;30;0;50.00%;50,0
102;Mega Lopunny;15;0.03%;0,03;19;31;1;37.25%;37,25
103;Feraligatr;13;0.03%;0,03;17;27;1;37.78%;37,78
104;Mega Gengar;14;0.03%;0,03;5;34;0;12.82%;12,82
105;Scizor;12;0.03%;0,03;17;20;1;44.74%;44,74
106;Raging Bolt Bellibolt;10;0.02%;0,02;21;28;0;42.86%;42,86
107;Dragapult Zoroark;8;0.02%;0,02;19;19;1;48.72%;48,72
108;Mega Manectric;7;0.02%;0,02;17;16;0;51.52%;51,52
109;Mega Latias;8;0.02%;0,02;11;21;0;34.38%;34,38
110;Flygon;10;0.02%;0,02;11;20;0;35.48%;35,48
111;Mega Sharpedo;9;0.02%;0,02;7;19;0;26.92%;26,92
112;Scovillain;6;0.01%;0,01;15;16;1;46.88%;46,88
113;Toxtricity Brute Bonnet;5;0.01%;0,01;13;13;0;50.00%;50,0
114;Luxray;6;0.01%;0,01;10;14;0;41.67%;41,67
115;Mega Diancie;5;0.01%;0,01;11;13;0;45.83%;45,83
116;Dragonite Eelektrik;5;0.01%;0,01;7;15;0;31.82%;31,82
117;Tyranitar;5;0.01%;0,01;7;15;0;31.82%;31,82
118;Cinderace;5;0.01%;0,01;10;11;0;47.62%;47,62
119;Zoroark Crustle;6;0.01%;0,01;9;10;1;45.00%;45,0
120;Flareon;5;0.01%;0,01;6;11;0;35.29%;35,29
121;Cornerstone Mask Ogerpon;3;0.01%;0,01;2;8;2;16.67%;16,67
122;Bloodmoon Ursaluna;3;0.01%;0,01;1;7;0;12.50%;12,5
123;Hydrapple;3;0.01%;0,01;1;4;0;20.00%;20,0
124;Alolan Exeggutor ex;2;0.00%;0,0;3;8;0;27.27%;27,27
125;Okidogi;3;0.00%;0,0;4;6;0;40.00%;40,0
126;Farigiraf;2;0.00%;0,0;4;6;0;40.00%;40,0
127;Rocket's Porygon-Z;2;0.00%;0,0;4;6;0;40.00%;40,0
128;Incineroar;2;0.00%;0,0;4;6;0;40.00%;40,0
129;Slaking;2;0.00%;0,0;3;6;0;33.33%;33,33
130;Raging Bolt;2;0.00%;0,0;1;8;0;11.11%;11,11
131;Zoroark Lucario;1;0.00%;0,0;4;2;0;66.67%;66,67
132;Hydrapple Ogerpon;2;0.00%;0,0;3;2;0;60.00%;60,0
133;Heatran Metang;2;0.00%;0,0;1;3;0;25.00%;25,0
134;Milotic;1;0.00%;0,0;1;2;0;33.33%;33,33
135;Dragapult Iron Thorns;1;0.00%;0,0;1;1;0;50.00%;50,0
136;Salamence;1;0.00%;0,0;0;2;0;0.00%;0,0
137;Future Box;1;0.00%;0,0;0;1;0;0.00%;0,0
138;Galvantula;1;0.00%;0,0;0;1;0;0.00%;0,0
