deck_name;opponent;win_rate;record;total_games
Dragapult;Toucannon;69,12;197 - 88 - 6;291
Dragapult;Mega Greninja;66,14;125 - 64 - 1;190
Dragapult;Alakazam Dudunsparce;62,33;632 - 382 - 22;1036
Dragapult;Festival Lead;60,69;525 - 340 - 14;879
Dragapult;Mega Lucario;58,42;222 - 158 - 2;382
Dragapult;Rocket's Honchkrow;57,08;125 - 94 - 3;222
Dragapult;Ogerpon Meganium Hydrapple;56,61;137 - 105 - 5;247
Dragapult;Dhelmise;54,99;325 - 266 - 10;601
Dragapult;Lucario Hariyama;54,78;172 - 142 - 6;320
Dragapult;Grimmsnarl Froslass;53,8;347 - 298 - 10;655
Dragapult;Mega Chandelure;53,09;86 - 76 - 1;163
Dragapult;Dragapult Dusknoir;52,47;488 - 442 - 22;952
Dragapult;N's Zoroark;50,9;395 - 381 - 20;796
Dragapult;Dragapult Blaziken;50,26;487 - 482 - 28;997
Dragapult;Dragapult;50,0;717 - 717 - 48;1482
Dragapult;Mega Excadrill;47,95;537 - 583 - 14;1134
Dragapult;Slowking;47,54;425 - 469 - 11;905
Dragapult;Basic Box;46,65;153 - 175 - 7;335
Dragapult;Raging Bolt Ogerpon;44,69;164 - 203 - 11;378
Dragapult;Cynthia's Garchomp;44,32;82 - 103 - 4;189
Mega Excadrill;Mega Greninja;65,75;119 - 62 - 1;182
Mega Excadrill;Grimmsnarl Froslass;59,04;333 - 231 - 3;567
Mega Excadrill;Dragapult Dusknoir;56,81;463 - 352 - 10;825
Mega Excadrill;N's Zoroark;56,6;399 - 306 - 5;710
Mega Excadrill;Dhelmise;56,22;330 - 257 - 6;593
Mega Excadrill;Festival Lead;54,56;467 - 389 - 9;865
Mega Excadrill;Dragapult;52,05;583 - 537 - 14;1134
Mega Excadrill;Mega Excadrill;50,0;518 - 518 - 8;1044
Mega Excadrill;Basic Box;49,59;121 - 123 - 0;244
Mega Excadrill;Cynthia's Garchomp;47,62;70 - 77 - 1;148
Mega Excadrill;Raging Bolt Ogerpon;47,43;157 - 174 - 2;333
Mega Excadrill;Lucario Hariyama;42,95;128 - 170 - 1;299
Mega Excadrill;Ogerpon Meganium Hydrapple;40,31;79 - 117 - 1;197
Mega Excadrill;Toucannon;38,38;137 - 220 - 3;360
Mega Excadrill;Dragapult Blaziken;38,26;326 - 526 - 8;860
Mega Excadrill;Slowking;37,45;312 - 521 - 11;844
Mega Excadrill;Mega Chandelure;35,66;51 - 92 - 0;143
Mega Excadrill;Mega Lucario;34,92;110 - 205 - 3;318
Mega Excadrill;Rocket's Honchkrow;33,91;59 - 115 - 1;175
Mega Excadrill;Alakazam Dudunsparce;25,38;198 - 582 - 7;787
Alakazam Dudunsparce;Mega Excadrill;74,62;582 - 198 - 7;787
Alakazam Dudunsparce;Slowking;68,31;472 - 219 - 13;704
Alakazam Dudunsparce;Mega Chandelure;63,89;69 - 39 - 0;108
Alakazam Dudunsparce;Ogerpon Meganium Hydrapple;61,54;112 - 70 - 1;183
Alakazam Dudunsparce;Raging Bolt Ogerpon;60,82;163 - 105 - 7;275
Alakazam Dudunsparce;Basic Box;60,81;135 - 87 - 4;226
Alakazam Dudunsparce;Toucannon;59,66;142 - 96 - 6;244
Alakazam Dudunsparce;Mega Greninja;59,42;82 - 56 - 1;139
Alakazam Dudunsparce;N's Zoroark;57,7;341 - 250 - 6;597
Alakazam Dudunsparce;Cynthia's Garchomp;54,84;85 - 70 - 2;157
Alakazam Dudunsparce;Lucario Hariyama;53,14;110 - 97 - 3;210
Alakazam Dudunsparce;Mega Lucario;51,01;126 - 121 - 4;251
Alakazam Dudunsparce;Grimmsnarl Froslass;50,68;223 - 217 - 8;448
Alakazam Dudunsparce;Alakazam Dudunsparce;50,0;361 - 361 - 24;746
Alakazam Dudunsparce;Festival Lead;43,66;272 - 351 - 11;634
Alakazam Dudunsparce;Dragapult Dusknoir;42,26;292 - 399 - 16;707
Alakazam Dudunsparce;Dragapult Blaziken;40,77;296 - 430 - 16;742
Alakazam Dudunsparce;Dragapult;37,67;382 - 632 - 22;1036
Alakazam Dudunsparce;Dhelmise;37,53;185 - 308 - 8;501
Alakazam Dudunsparce;Rocket's Honchkrow;35,92;51 - 91 - 5;147
Festival Lead;Cynthia's Garchomp;80,56;116 - 28 - 2;146
Festival Lead;Rocket's Honchkrow;77,04;104 - 31 - 1;136
Festival Lead;Mega Chandelure;68,7;90 - 41 - 1;132
Festival Lead;N's Zoroark;65,8;356 - 185 - 3;544
Festival Lead;Lucario Hariyama;61,05;105 - 67 - 3;175
Festival Lead;Alakazam Dudunsparce;56,34;351 - 272 - 11;634
Festival Lead;Ogerpon Meganium Hydrapple;56,32;107 - 83 - 2;192
Festival Lead;Dhelmise;56,16;246 - 192 - 9;447
Festival Lead;Toucannon;55,33;161 - 130 - 3;294
Festival Lead;Mega Lucario;54,1;132 - 112 - 1;245
Festival Lead;Raging Bolt Ogerpon;53,78;121 - 104 - 6;231
Festival Lead;Mega Greninja;51,49;69 - 65 - 0;134
Festival Lead;Festival Lead;50,0;346 - 346 - 6;698
Festival Lead;Slowking;47,82;296 - 323 - 9;628
Festival Lead;Basic Box;47,22;85 - 95 - 6;186
Festival Lead;Dragapult Blaziken;45,94;294 - 346 - 11;651
Festival Lead;Mega Excadrill;45,44;389 - 467 - 9;865
Festival Lead;Grimmsnarl Froslass;44,62;224 - 278 - 6;508
Festival Lead;Dragapult Dusknoir;42,34;271 - 369 - 5;645
Festival Lead;Dragapult;39,31;340 - 525 - 14;879
Dragapult Dusknoir;Toucannon;68,56;157 - 72 - 1;230
Dragapult Dusknoir;Mega Greninja;63,19;91 - 53 - 2;146
Dragapult Dusknoir;Alakazam Dudunsparce;57,74;399 - 292 - 16;707
Dragapult Dusknoir;Mega Chandelure;57,66;64 - 47 - 1;112
Dragapult Dusknoir;Festival Lead;57,66;369 - 271 - 5;645
Dragapult Dusknoir;Ogerpon Meganium Hydrapple;55,17;80 - 65 - 2;147
Dragapult Dusknoir;Rocket's Honchkrow;51,41;73 - 69 - 1;143
Dragapult Dusknoir;Lucario Hariyama;50,26;98 - 97 - 2;197
Dragapult Dusknoir;Basic Box;50,23;111 - 110 - 2;223
Dragapult Dusknoir;Dragapult Dusknoir;50,0;334 - 334 - 6;674
Dragapult Dusknoir;Mega Lucario;48,76;118 - 124 - 1;243
Dragapult Dusknoir;Cynthia's Garchomp;48,3;71 - 76 - 3;150
Dragapult Dusknoir;Dragapult Blaziken;47,85;322 - 351 - 7;680
Dragapult Dusknoir;Dragapult;47,53;442 - 488 - 22;952
Dragapult Dusknoir;Grimmsnarl Froslass;46,92;213 - 241 - 5;459
Dragapult Dusknoir;Raging Bolt Ogerpon;45,02;95 - 116 - 3;214
Dragapult Dusknoir;N's Zoroark;44,19;247 - 312 - 6;565
Dragapult Dusknoir;Slowking;43,47;253 - 329 - 8;590
Dragapult Dusknoir;Mega Excadrill;43,19;352 - 463 - 10;825
Dragapult Dusknoir;Dhelmise;42,0;181 - 250 - 4;435
Dragapult Blaziken;Toucannon;65,19;176 - 94 - 4;274
Dragapult Blaziken;Ogerpon Meganium Hydrapple;64,2;113 - 63 - 2;178
Dragapult Blaziken;Mega Excadrill;61,74;526 - 326 - 8;860
Dragapult Blaziken;Rocket's Honchkrow;59,29;83 - 57 - 2;142
Dragapult Blaziken;Alakazam Dudunsparce;59,23;430 - 296 - 16;742
Dragapult Blaziken;Mega Greninja;55,64;74 - 59 - 2;135
Dragapult Blaziken;Dhelmise;55,43;250 - 201 - 9;460
Dragapult Blaziken;Festival Lead;54,06;346 - 294 - 11;651
Dragapult Blaziken;Basic Box;52,91;118 - 105 - 5;228
Dragapult Blaziken;Mega Lucario;52,36;122 - 111 - 2;235
Dragapult Blaziken;Dragapult Dusknoir;52,15;351 - 322 - 7;680
Dragapult Blaziken;Mega Chandelure;52,14;61 - 56 - 2;119
Dragapult Blaziken;Slowking;50,16;320 - 318 - 12;650
Dragapult Blaziken;Dragapult Blaziken;50,0;366 - 366 - 24;756
Dragapult Blaziken;Dragapult;49,74;482 - 487 - 28;997
Dragapult Blaziken;Lucario Hariyama;48,82;103 - 108 - 1;212
Dragapult Blaziken;N's Zoroark;44,8;267 - 329 - 14;610
Dragapult Blaziken;Grimmsnarl Froslass;44,72;199 - 246 - 9;454
Dragapult Blaziken;Raging Bolt Ogerpon;39,47;105 - 161 - 7;273
Dragapult Blaziken;Cynthia's Garchomp;35,29;48 - 88 - 3;139
Slowking;Lucario Hariyama;71,23;151 - 61 - 3;215
Slowking;Mega Chandelure;66,67;62 - 31 - 2;95
Slowking;Mega Lucario;63,08;176 - 103 - 5;284
Slowking;Mega Excadrill;62,55;521 - 312 - 11;844
Slowking;Rocket's Honchkrow;62,24;89 - 54 - 2;145
Slowking;Mega Greninja;59,7;80 - 54 - 2;136
Slowking;Dragapult Dusknoir;56,53;329 - 253 - 8;590
Slowking;Cynthia's Garchomp;55,97;75 - 59 - 2;136
Slowking;N's Zoroark;53,38;300 - 262 - 6;568
Slowking;Grimmsnarl Froslass;52,88;239 - 213 - 2;454
Slowking;Dragapult;52,46;469 - 425 - 11;905
Slowking;Festival Lead;52,18;323 - 296 - 9;628
Slowking;Slowking;50,0;313 - 313 - 10;636
Slowking;Basic Box;50,0;102 - 102 - 6;210
Slowking;Dragapult Blaziken;49,84;318 - 320 - 12;650
Slowking;Raging Bolt Ogerpon;47,01;118 - 133 - 6;257
Slowking;Toucannon;46,61;110 - 126 - 3;239
Slowking;Ogerpon Meganium Hydrapple;43,12;69 - 91 - 3;163
Slowking;Dhelmise;38,63;158 - 251 - 11;420
Slowking;Alakazam Dudunsparce;31,69;219 - 472 - 13;704
N's Zoroark;Mega Chandelure;65,69;67 - 35 - 1;103
N's Zoroark;Mega Greninja;62,22;84 - 51 - 2;137
N's Zoroark;Dhelmise;62,01;235 - 144 - 5;384
N's Zoroark;Dragapult Dusknoir;55,81;312 - 247 - 6;565
N's Zoroark;Dragapult Blaziken;55,2;329 - 267 - 14;610
N's Zoroark;Grimmsnarl Froslass;50,98;208 - 200 - 4;412
N's Zoroark;Rocket's Honchkrow;50,39;65 - 64 - 2;131
N's Zoroark;N's Zoroark;50,0;269 - 269 - 6;544
N's Zoroark;Dragapult;49,1;381 - 395 - 20;796
N's Zoroark;Lucario Hariyama;47,09;97 - 109 - 2;208
N's Zoroark;Toucannon;46,96;108 - 122 - 2;232
N's Zoroark;Slowking;46,62;262 - 300 - 6;568
N's Zoroark;Mega Excadrill;43,4;306 - 399 - 5;710
N's Zoroark;Raging Bolt Ogerpon;42,5;102 - 138 - 6;246
N's Zoroark;Alakazam Dudunsparce;42,3;250 - 341 - 6;597
N's Zoroark;Mega Lucario;40,91;72 - 104 - 4;180
N's Zoroark;Basic Box;38,14;82 - 133 - 2;217
N's Zoroark;Festival Lead;34,2;185 - 356 - 3;544
N's Zoroark;Ogerpon Meganium Hydrapple;33,12;52 - 105 - 0;157
N's Zoroark;Cynthia's Garchomp;29,71;41 - 97 - 1;139
Grimmsnarl Froslass;Mega Chandelure;81,25;65 - 15 - 0;80
Grimmsnarl Froslass;Dhelmise;71,13;202 - 82 - 4;288
Grimmsnarl Froslass;Toucannon;66,51;139 - 70 - 1;210
Grimmsnarl Froslass;Mega Greninja;63,37;64 - 37 - 0;101
Grimmsnarl Froslass;Festival Lead;55,38;278 - 224 - 6;508
Grimmsnarl Froslass;Dragapult Blaziken;55,28;246 - 199 - 9;454
Grimmsnarl Froslass;Dragapult Dusknoir;53,08;241 - 213 - 5;459
Grimmsnarl Froslass;Rocket's Honchkrow;50,57;44 - 43 - 1;88
Grimmsnarl Froslass;Lucario Hariyama;50,38;66 - 65 - 0;131
Grimmsnarl Froslass;Grimmsnarl Froslass;50,0;158 - 158 - 0;316
Grimmsnarl Froslass;Alakazam Dudunsparce;49,32;217 - 223 - 8;448
Grimmsnarl Froslass;N's Zoroark;49,02;200 - 208 - 4;412
Grimmsnarl Froslass;Mega Lucario;48,81;82 - 86 - 2;170
Grimmsnarl Froslass;Slowking;47,12;213 - 239 - 2;454
Grimmsnarl Froslass;Dragapult;46,2;298 - 347 - 10;655
Grimmsnarl Froslass;Cynthia's Garchomp;45,1;46 - 56 - 2;104
Grimmsnarl Froslass;Ogerpon Meganium Hydrapple;42,86;48 - 64 - 1;113
Grimmsnarl Froslass;Mega Excadrill;40,96;231 - 333 - 3;567
Grimmsnarl Froslass;Raging Bolt Ogerpon;33,33;59 - 118 - 0;177
Grimmsnarl Froslass;Basic Box;31,62;37 - 80 - 1;118
Dhelmise;Lucario Hariyama;80,85;114 - 27 - 3;144
Dhelmise;Mega Lucario;77,08;111 - 33 - 1;145
Dhelmise;Alakazam Dudunsparce;62,47;308 - 185 - 8;501
Dhelmise;Slowking;61,37;251 - 158 - 11;420
Dhelmise;Dragapult Dusknoir;58,0;250 - 181 - 4;435
Dhelmise;Mega Chandelure;54,76;46 - 38 - 3;87
Dhelmise;Rocket's Honchkrow;53,85;56 - 48 - 0;104
Dhelmise;Mega Greninja;53,19;50 - 44 - 3;97
Dhelmise;Toucannon;50,45;111 - 109 - 2;222
Dhelmise;Dhelmise;50,0;142 - 142 - 6;290
Dhelmise;Raging Bolt Ogerpon;46,51;60 - 69 - 0;129
Dhelmise;Dragapult;45,01;266 - 325 - 10;601
Dhelmise;Dragapult Blaziken;44,57;201 - 250 - 9;460
Dhelmise;Festival Lead;43,84;192 - 246 - 9;447
Dhelmise;Mega Excadrill;43,78;257 - 330 - 6;593
Dhelmise;Ogerpon Meganium Hydrapple;41,88;49 - 68 - 1;118
Dhelmise;Cynthia's Garchomp;38,98;46 - 72 - 1;119
Dhelmise;N's Zoroark;37,99;144 - 235 - 5;384
Dhelmise;Basic Box;35,81;53 - 95 - 1;149
Dhelmise;Grimmsnarl Froslass;28,87;82 - 202 - 4;288
Toucannon;Mega Excadrill;61,62;220 - 137 - 3;360
Toucannon;Raging Bolt Ogerpon;59,26;48 - 33 - 2;83
Toucannon;Mega Greninja;58,62;34 - 24 - 0;58
Toucannon;Basic Box;57,38;35 - 26 - 0;61
Toucannon;Ogerpon Meganium Hydrapple;57,14;36 - 27 - 1;64
Toucannon;Slowking;53,39;126 - 110 - 3;239
Toucannon;N's Zoroark;53,04;122 - 108 - 2;232
Toucannon;Rocket's Honchkrow;52,46;32 - 29 - 1;62
Toucannon;Mega Chandelure;52,0;26 - 24 - 2;52
Toucannon;Toucannon;50,0;73 - 73 - 4;150
Toucannon;Dhelmise;49,55;109 - 111 - 2;222
Toucannon;Festival Lead;44,67;130 - 161 - 3;294
Toucannon;Cynthia's Garchomp;41,82;23 - 32 - 0;55
Toucannon;Alakazam Dudunsparce;40,34;96 - 142 - 6;244
Toucannon;Lucario Hariyama;38,27;31 - 50 - 1;82
Toucannon;Dragapult Blaziken;34,81;94 - 176 - 4;274
Toucannon;Grimmsnarl Froslass;33,49;70 - 139 - 1;210
Toucannon;Mega Lucario;32,35;22 - 46 - 0;68
Toucannon;Dragapult Dusknoir;31,44;72 - 157 - 1;230
Toucannon;Dragapult;30,88;88 - 197 - 6;291
Raging Bolt Ogerpon;Mega Greninja;69,05;29 - 13 - 0;42
Raging Bolt Ogerpon;Grimmsnarl Froslass;66,67;118 - 59 - 0;177
Raging Bolt Ogerpon;Cynthia's Garchomp;65,52;38 - 20 - 2;60
Raging Bolt Ogerpon;Dragapult Blaziken;60,53;161 - 105 - 7;273
Raging Bolt Ogerpon;N's Zoroark;57,5;138 - 102 - 6;246
Raging Bolt Ogerpon;Dragapult;55,31;203 - 164 - 11;378
Raging Bolt Ogerpon;Dragapult Dusknoir;54,98;116 - 95 - 3;214
Raging Bolt Ogerpon;Basic Box;54,32;44 - 37 - 1;82
Raging Bolt Ogerpon;Dhelmise;53,49;69 - 60 - 0;129
Raging Bolt Ogerpon;Lucario Hariyama;53,01;44 - 39 - 0;83
Raging Bolt Ogerpon;Slowking;52,99;133 - 118 - 6;257
Raging Bolt Ogerpon;Mega Excadrill;52,57;174 - 157 - 2;333
Raging Bolt Ogerpon;Mega Lucario;50,0;47 - 47 - 0;94
Raging Bolt Ogerpon;Raging Bolt Ogerpon;50,0;45 - 45 - 0;90
Raging Bolt Ogerpon;Mega Chandelure;48,28;14 - 15 - 1;30
Raging Bolt Ogerpon;Festival Lead;46,22;104 - 121 - 6;231
Raging Bolt Ogerpon;Toucannon;40,74;33 - 48 - 2;83
Raging Bolt Ogerpon;Alakazam Dudunsparce;39,18;105 - 163 - 7;275
Raging Bolt Ogerpon;Rocket's Honchkrow;39,02;16 - 25 - 1;42
Raging Bolt Ogerpon;Ogerpon Meganium Hydrapple;35,59;21 - 38 - 2;61
Mega Lucario;Toucannon;67,65;46 - 22 - 0;68
Mega Lucario;Mega Excadrill;65,08;205 - 110 - 3;318
Mega Lucario;N's Zoroark;59,09;104 - 72 - 4;180
Mega Lucario;Mega Greninja;57,45;27 - 20 - 0;47
Mega Lucario;Ogerpon Meganium Hydrapple;56,14;32 - 25 - 3;60
Mega Lucario;Dragapult Dusknoir;51,24;124 - 118 - 1;243
Mega Lucario;Grimmsnarl Froslass;51,19;86 - 82 - 2;170
Mega Lucario;Mega Lucario;50,0;59 - 59 - 4;122
Mega Lucario;Raging Bolt Ogerpon;50,0;47 - 47 - 0;94
Mega Lucario;Alakazam Dudunsparce;48,99;121 - 126 - 4;251
Mega Lucario;Lucario Hariyama;48,94;46 - 48 - 2;96
Mega Lucario;Mega Chandelure;48,84;21 - 22 - 1;44
Mega Lucario;Rocket's Honchkrow;48,15;26 - 28 - 1;55
Mega Lucario;Dragapult Blaziken;47,64;111 - 122 - 2;235
Mega Lucario;Festival Lead;45,9;112 - 132 - 1;245
Mega Lucario;Basic Box;42,68;35 - 47 - 0;82
Mega Lucario;Cynthia's Garchomp;42,5;17 - 23 - 0;40
Mega Lucario;Dragapult;41,58;158 - 222 - 2;382
Mega Lucario;Slowking;36,92;103 - 176 - 5;284
Mega Lucario;Dhelmise;22,92;33 - 111 - 1;145
Lucario Hariyama;Mega Greninja;69,09;38 - 17 - 1;56
Lucario Hariyama;Toucannon;61,73;50 - 31 - 1;82
Lucario Hariyama;Cynthia's Garchomp;57,78;26 - 19 - 1;46
Lucario Hariyama;Mega Excadrill;57,05;170 - 128 - 1;299
Lucario Hariyama;Mega Chandelure;54,55;18 - 15 - 0;33
Lucario Hariyama;Ogerpon Meganium Hydrapple;54,17;26 - 22 - 0;48
Lucario Hariyama;N's Zoroark;52,91;109 - 97 - 2;208
Lucario Hariyama;Dragapult Blaziken;51,18;108 - 103 - 1;212
Lucario Hariyama;Mega Lucario;51,06;48 - 46 - 2;96
Lucario Hariyama;Lucario Hariyama;50,0;33 - 33 - 0;66
Lucario Hariyama;Dragapult Dusknoir;49,74;97 - 98 - 2;197
Lucario Hariyama;Grimmsnarl Froslass;49,62;65 - 66 - 0;131
Lucario Hariyama;Raging Bolt Ogerpon;46,99;39 - 44 - 0;83
Lucario Hariyama;Alakazam Dudunsparce;46,86;97 - 110 - 3;210
Lucario Hariyama;Dragapult;45,22;142 - 172 - 6;320
Lucario Hariyama;Festival Lead;38,95;67 - 105 - 3;175
Lucario Hariyama;Basic Box;37,68;26 - 43 - 1;70
Lucario Hariyama;Rocket's Honchkrow;32,5;13 - 27 - 0;40
Lucario Hariyama;Slowking;28,77;61 - 151 - 3;215
Lucario Hariyama;Dhelmise;19,15;27 - 114 - 3;144
Basic Box;Grimmsnarl Froslass;68,38;80 - 37 - 1;118
Basic Box;Mega Chandelure;66,67;22 - 11 - 0;33
Basic Box;Dhelmise;64,19;95 - 53 - 1;149
Basic Box;Mega Greninja;63,64;21 - 12 - 0;33
Basic Box;Lucario Hariyama;62,32;43 - 26 - 1;70
Basic Box;Cynthia's Garchomp;62,07;36 - 22 - 0;58
Basic Box;N's Zoroark;61,86;133 - 82 - 2;217
Basic Box;Mega Lucario;57,32;47 - 35 - 0;82
Basic Box;Dragapult;53,35;175 - 153 - 7;335
Basic Box;Festival Lead;52,78;95 - 85 - 6;186
Basic Box;Mega Excadrill;50,41;123 - 121 - 0;244
Basic Box;Slowking;50,0;102 - 102 - 6;210
Basic Box;Basic Box;50,0;35 - 35 - 6;76
Basic Box;Dragapult Dusknoir;49,77;110 - 111 - 2;223
Basic Box;Dragapult Blaziken;47,09;105 - 118 - 5;228
Basic Box;Raging Bolt Ogerpon;45,68;37 - 44 - 1;82
Basic Box;Toucannon;42,62;26 - 35 - 0;61
Basic Box;Ogerpon Meganium Hydrapple;40,0;22 - 33 - 0;55
Basic Box;Alakazam Dudunsparce;39,19;87 - 135 - 4;226
Basic Box;Rocket's Honchkrow;34,09;15 - 29 - 2;46
Mega Greninja;Mega Greninja;50,0;19 - 19 - 0;38
Mega Greninja;Festival Lead;48,51;65 - 69 - 0;134
Mega Greninja;Dhelmise;46,81;44 - 50 - 3;97
Mega Greninja;Dragapult Blaziken;44,36;59 - 74 - 2;135
Mega Greninja;Ogerpon Meganium Hydrapple;42,86;18 - 24 - 0;42
Mega Greninja;Mega Lucario;42,55;20 - 27 - 0;47
Mega Greninja;Toucannon;41,38;24 - 34 - 0;58
Mega Greninja;Alakazam Dudunsparce;40,58;56 - 82 - 1;139
Mega Greninja;Slowking;40,3;54 - 80 - 2;136
Mega Greninja;N's Zoroark;37,78;51 - 84 - 2;137
Mega Greninja;Dragapult Dusknoir;36,81;53 - 91 - 2;146
Mega Greninja;Grimmsnarl Froslass;36,63;37 - 64 - 0;101
Mega Greninja;Basic Box;36,36;12 - 21 - 0;33
Mega Greninja;Rocket's Honchkrow;35,29;12 - 22 - 0;34
Mega Greninja;Mega Chandelure;35,14;13 - 24 - 0;37
Mega Greninja;Mega Excadrill;34,25;62 - 119 - 1;182
Mega Greninja;Dragapult;33,86;64 - 125 - 1;190
Mega Greninja;Raging Bolt Ogerpon;30,95;13 - 29 - 0;42
Mega Greninja;Lucario Hariyama;30,91;17 - 38 - 1;56
Mega Greninja;Cynthia's Garchomp;17,39;4 - 19 - 1;24
Ogerpon Meganium Hydrapple;Cynthia's Garchomp;76,92;30 - 9 - 1;40
Ogerpon Meganium Hydrapple;N's Zoroark;66,88;105 - 52 - 0;157
Ogerpon Meganium Hydrapple;Raging Bolt Ogerpon;64,41;38 - 21 - 2;61
Ogerpon Meganium Hydrapple;Basic Box;60,0;33 - 22 - 0;55
Ogerpon Meganium Hydrapple;Mega Excadrill;59,69;117 - 79 - 1;197
Ogerpon Meganium Hydrapple;Dhelmise;58,12;68 - 49 - 1;118
Ogerpon Meganium Hydrapple;Grimmsnarl Froslass;57,14;64 - 48 - 1;113
Ogerpon Meganium Hydrapple;Mega Greninja;57,14;24 - 18 - 0;42
Ogerpon Meganium Hydrapple;Slowking;56,88;91 - 69 - 3;163
Ogerpon Meganium Hydrapple;Mega Chandelure;54,55;18 - 15 - 0;33
Ogerpon Meganium Hydrapple;Ogerpon Meganium Hydrapple;50,0;29 - 29 - 0;58
Ogerpon Meganium Hydrapple;Rocket's Honchkrow;48,89;22 - 23 - 1;46
Ogerpon Meganium Hydrapple;Lucario Hariyama;45,83;22 - 26 - 0;48
Ogerpon Meganium Hydrapple;Dragapult Dusknoir;44,83;65 - 80 - 2;147
Ogerpon Meganium Hydrapple;Mega Lucario;43,86;25 - 32 - 3;60
Ogerpon Meganium Hydrapple;Festival Lead;43,68;83 - 107 - 2;192
Ogerpon Meganium Hydrapple;Dragapult;43,39;105 - 137 - 5;247
Ogerpon Meganium Hydrapple;Toucannon;42,86;27 - 36 - 1;64
Ogerpon Meganium Hydrapple;Alakazam Dudunsparce;38,46;70 - 112 - 1;183
Ogerpon Meganium Hydrapple;Dragapult Blaziken;35,8;63 - 113 - 2;178
Rocket's Honchkrow;Lucario Hariyama;67,5;27 - 13 - 0;40
Rocket's Honchkrow;Mega Excadrill;66,09;115 - 59 - 1;175
Rocket's Honchkrow;Basic Box;65,91;29 - 15 - 2;46
Rocket's Honchkrow;Mega Greninja;64,71;22 - 12 - 0;34
Rocket's Honchkrow;Alakazam Dudunsparce;64,08;91 - 51 - 5;147
Rocket's Honchkrow;Raging Bolt Ogerpon;60,98;25 - 16 - 1;42
Rocket's Honchkrow;Mega Chandelure;53,33;16 - 14 - 0;30
Rocket's Honchkrow;Mega Lucario;51,85;28 - 26 - 1;55
Rocket's Honchkrow;Ogerpon Meganium Hydrapple;51,11;23 - 22 - 1;46
Rocket's Honchkrow;Rocket's Honchkrow;50,0;14 - 14 - 2;30
Rocket's Honchkrow;N's Zoroark;49,61;64 - 65 - 2;131
Rocket's Honchkrow;Grimmsnarl Froslass;49,43;43 - 44 - 1;88
Rocket's Honchkrow;Dragapult Dusknoir;48,59;69 - 73 - 1;143
Rocket's Honchkrow;Toucannon;47,54;29 - 32 - 1;62
Rocket's Honchkrow;Dhelmise;46,15;48 - 56 - 0;104
Rocket's Honchkrow;Cynthia's Garchomp;45,45;10 - 12 - 0;22
Rocket's Honchkrow;Dragapult;42,92;94 - 125 - 3;222
Rocket's Honchkrow;Dragapult Blaziken;40,71;57 - 83 - 2;142
Rocket's Honchkrow;Slowking;37,76;54 - 89 - 2;145
Rocket's Honchkrow;Festival Lead;22,96;31 - 104 - 1;136
Cynthia's Garchomp;Mega Greninja;82,61;19 - 4 - 1;24
Cynthia's Garchomp;N's Zoroark;70,29;97 - 41 - 1;139
Cynthia's Garchomp;Dragapult Blaziken;64,71;88 - 48 - 3;139
Cynthia's Garchomp;Dhelmise;61,02;72 - 46 - 1;119
Cynthia's Garchomp;Toucannon;58,18;32 - 23 - 0;55
Cynthia's Garchomp;Mega Lucario;57,5;23 - 17 - 0;40
Cynthia's Garchomp;Dragapult;55,68;103 - 82 - 4;189
Cynthia's Garchomp;Grimmsnarl Froslass;54,9;56 - 46 - 2;104
Cynthia's Garchomp;Rocket's Honchkrow;54,55;12 - 10 - 0;22
Cynthia's Garchomp;Mega Excadrill;52,38;77 - 70 - 1;148
Cynthia's Garchomp;Dragapult Dusknoir;51,7;76 - 71 - 3;150
Cynthia's Garchomp;Cynthia's Garchomp;50,0;19 - 19 - 2;40
Cynthia's Garchomp;Mega Chandelure;50,0;12 - 12 - 0;24
Cynthia's Garchomp;Alakazam Dudunsparce;45,16;70 - 85 - 2;157
Cynthia's Garchomp;Slowking;44,03;59 - 75 - 2;136
Cynthia's Garchomp;Lucario Hariyama;42,22;19 - 26 - 1;46
Cynthia's Garchomp;Basic Box;37,93;22 - 36 - 0;58
Cynthia's Garchomp;Raging Bolt Ogerpon;34,48;20 - 38 - 2;60
Cynthia's Garchomp;Ogerpon Meganium Hydrapple;23,08;9 - 30 - 1;40
Cynthia's Garchomp;Festival Lead;19,44;28 - 116 - 2;146
Mega Chandelure;Mega Greninja;64,86;24 - 13 - 0;37
Mega Chandelure;Mega Excadrill;64,34;92 - 51 - 0;143
Mega Chandelure;Raging Bolt Ogerpon;51,72;15 - 14 - 1;30
Mega Chandelure;Mega Lucario;51,16;22 - 21 - 1;44
Mega Chandelure;Cynthia's Garchomp;50,0;12 - 12 - 0;24
Mega Chandelure;Mega Chandelure;50,0;9 - 9 - 0;18
Mega Chandelure;Toucannon;48,0;24 - 26 - 2;52
Mega Chandelure;Dragapult Blaziken;47,86;56 - 61 - 2;119
Mega Chandelure;Dragapult;46,91;76 - 86 - 1;163
Mega Chandelure;Rocket's Honchkrow;46,67;14 - 16 - 0;30
Mega Chandelure;Lucario Hariyama;45,45;15 - 18 - 0;33
Mega Chandelure;Ogerpon Meganium Hydrapple;45,45;15 - 18 - 0;33
Mega Chandelure;Dhelmise;45,24;38 - 46 - 3;87
Mega Chandelure;Dragapult Dusknoir;42,34;47 - 64 - 1;112
Mega Chandelure;Alakazam Dudunsparce;36,11;39 - 69 - 0;108
Mega Chandelure;N's Zoroark;34,31;35 - 67 - 1;103
Mega Chandelure;Slowking;33,33;31 - 62 - 2;95
Mega Chandelure;Basic Box;33,33;11 - 22 - 0;33
Mega Chandelure;Festival Lead;31,3;41 - 90 - 1;132
Mega Chandelure;Grimmsnarl Froslass;18,75;15 - 65 - 0;80
Beedrill;Cynthia's Garchomp;78,38;29 - 8 - 0;37
Beedrill;Basic Box;76,67;23 - 7 - 0;30
Beedrill;Rocket's Honchkrow;72,0;18 - 7 - 0;25
Beedrill;Grimmsnarl Froslass;70,45;62 - 26 - 1;89
Beedrill;N's Zoroark;70,24;59 - 25 - 0;84
Beedrill;Raging Bolt Ogerpon;66,67;28 - 14 - 0;42
Beedrill;Dhelmise;63,86;53 - 30 - 3;86
Beedrill;Dragapult Dusknoir;55,26;63 - 51 - 2;116
Beedrill;Ogerpon Meganium Hydrapple;51,35;19 - 18 - 0;37
Beedrill;Toucannon;50,91;28 - 27 - 0;55
Beedrill;Mega Chandelure;50,0;13 - 13 - 0;26
Beedrill;Festival Lead;45,22;52 - 63 - 3;118
Beedrill;Alakazam Dudunsparce;43,41;56 - 73 - 4;133
Beedrill;Mega Lucario;42,86;15 - 20 - 0;35
Beedrill;Slowking;42,59;46 - 62 - 0;108
Beedrill;Dragapult;39,47;60 - 92 - 0;152
Beedrill;Dragapult Blaziken;37,8;48 - 79 - 0;127
Beedrill;Mega Excadrill;35,62;57 - 103 - 1;161
Beedrill;Lucario Hariyama;32,35;11 - 23 - 0;34
Beedrill;Mega Greninja;30,43;7 - 16 - 0;23
Crustle;Dragapult;69,78;127 - 55 - 7;189
Crustle;Raging Bolt Ogerpon;64,58;31 - 17 - 0;48
Crustle;Grimmsnarl Froslass;62,69;42 - 25 - 0;67
Crustle;N's Zoroark;62,5;60 - 36 - 4;100
Crustle;Dragapult Blaziken;58,68;71 - 50 - 3;124
Crustle;Basic Box;56,86;29 - 22 - 1;52
Crustle;Alakazam Dudunsparce;56,67;85 - 65 - 3;153
Crustle;Mega Greninja;56,0;14 - 11 - 1;26
Crustle;Dhelmise;54,84;51 - 42 - 2;95
Crustle;Cynthia's Garchomp;53,33;16 - 14 - 1;31
Crustle;Dragapult Dusknoir;47,93;58 - 63 - 2;123
Crustle;Mega Lucario;47,62;20 - 22 - 0;42
Crustle;Lucario Hariyama;42,22;19 - 26 - 2;47
Crustle;Ogerpon Meganium Hydrapple;41,94;13 - 18 - 0;31
Crustle;Toucannon;40,62;13 - 19 - 0;32
Crustle;Mega Chandelure;38,46;10 - 16 - 0;26
Crustle;Festival Lead;35,71;35 - 63 - 1;99
Crustle;Slowking;31,31;31 - 68 - 0;99
Crustle;Rocket's Honchkrow;26,67;8 - 22 - 0;30
Crustle;Mega Excadrill;20,93;27 - 102 - 2;131
Mega Absol Box;Mega Chandelure;92,31;24 - 2 - 0;26
Mega Absol Box;Toucannon;56,67;34 - 26 - 0;60
Mega Absol Box;Dragapult Dusknoir;55,1;54 - 44 - 0;98
Mega Absol Box;Mega Greninja;54,17;13 - 11 - 1;25
Mega Absol Box;Dhelmise;54,1;33 - 28 - 1;62
Mega Absol Box;Grimmsnarl Froslass;53,16;42 - 37 - 2;81
Mega Absol Box;Slowking;50,0;39 - 39 - 0;78
Mega Absol Box;Dragapult Blaziken;45,54;46 - 55 - 4;105
Mega Absol Box;Festival Lead;43,64;48 - 62 - 3;113
Mega Absol Box;Mega Excadrill;41,94;52 - 72 - 2;126
Mega Absol Box;Dragapult;41,12;44 - 63 - 0;107
Mega Absol Box;Alakazam Dudunsparce;40,43;38 - 56 - 0;94
Mega Absol Box;Raging Bolt Ogerpon;40,0;12 - 18 - 0;30
Mega Absol Box;Basic Box;39,13;9 - 14 - 0;23
Mega Absol Box;Rocket's Honchkrow;39,13;9 - 14 - 0;23
Mega Absol Box;Ogerpon Meganium Hydrapple;38,24;13 - 21 - 1;35
Mega Absol Box;N's Zoroark;38,0;38 - 62 - 2;102
Mega Absol Box;Mega Lucario;37,5;9 - 15 - 0;24
Mega Absol Box;Lucario Hariyama;35,48;11 - 20 - 0;31
Mega Absol Box;Cynthia's Garchomp;21,21;7 - 26 - 0;33
Rocket's Mewtwo;Cynthia's Garchomp;70,59;12 - 5 - 0;17
Rocket's Mewtwo;Mega Lucario;68,57;24 - 11 - 0;35
Rocket's Mewtwo;Alakazam Dudunsparce;67,71;65 - 31 - 1;97
Rocket's Mewtwo;N's Zoroark;59,22;61 - 42 - 2;105
Rocket's Mewtwo;Lucario Hariyama;57,58;19 - 14 - 1;34
Rocket's Mewtwo;Dragapult Blaziken;53,52;38 - 33 - 0;71
Rocket's Mewtwo;Mega Chandelure;50,0;9 - 9 - 0;18
Rocket's Mewtwo;Dragapult Dusknoir;46,51;40 - 46 - 0;86
Rocket's Mewtwo;Slowking;42,86;30 - 40 - 1;71
Rocket's Mewtwo;Basic Box;42,42;14 - 19 - 1;34
Rocket's Mewtwo;Dragapult;41,18;42 - 60 - 0;102
Rocket's Mewtwo;Grimmsnarl Froslass;40,43;19 - 28 - 0;47
Rocket's Mewtwo;Dhelmise;38,27;31 - 50 - 1;82
Rocket's Mewtwo;Ogerpon Meganium Hydrapple;38,1;8 - 13 - 0;21
Rocket's Mewtwo;Toucannon;36,84;14 - 24 - 1;39
Rocket's Mewtwo;Festival Lead;36,17;34 - 60 - 2;96
Rocket's Mewtwo;Mega Greninja;31,58;12 - 26 - 1;39
Rocket's Mewtwo;Raging Bolt Ogerpon;30,3;10 - 23 - 0;33
Rocket's Mewtwo;Mega Excadrill;24,35;28 - 87 - 1;116
Rocket's Mewtwo;Rocket's Honchkrow;23,33;7 - 23 - 0;30
Kangaskhan Bouffalant;Dhelmise;84,62;44 - 8 - 0;52
Kangaskhan Bouffalant;Slowking;64,29;54 - 30 - 1;85
Kangaskhan Bouffalant;Festival Lead;63,75;51 - 29 - 2;82
Kangaskhan Bouffalant;Dragapult Dusknoir;59,21;45 - 31 - 3;79
Kangaskhan Bouffalant;Dragapult;57,46;77 - 57 - 2;136
Kangaskhan Bouffalant;Mega Greninja;56,0;14 - 11 - 0;25
Kangaskhan Bouffalant;Dragapult Blaziken;54,95;50 - 41 - 2;93
Kangaskhan Bouffalant;Toucannon;51,52;17 - 16 - 0;33
Kangaskhan Bouffalant;N's Zoroark;50,53;48 - 47 - 3;98
Kangaskhan Bouffalant;Mega Chandelure;50,0;7 - 7 - 1;15
Kangaskhan Bouffalant;Mega Excadrill;49,14;57 - 59 - 2;118
Kangaskhan Bouffalant;Basic Box;48,28;14 - 15 - 0;29
Kangaskhan Bouffalant;Raging Bolt Ogerpon;47,83;11 - 12 - 0;23
Kangaskhan Bouffalant;Grimmsnarl Froslass;46,15;24 - 28 - 0;52
Kangaskhan Bouffalant;Alakazam Dudunsparce;41,57;37 - 52 - 2;91
Kangaskhan Bouffalant;Ogerpon Meganium Hydrapple;28,57;6 - 15 - 0;21
Kangaskhan Bouffalant;Mega Lucario;25,81;8 - 23 - 0;31
Kangaskhan Bouffalant;Rocket's Honchkrow;23,53;4 - 13 - 0;17
Kangaskhan Bouffalant;Lucario Hariyama;8,0;2 - 23 - 0;25
Kangaskhan Bouffalant;Cynthia's Garchomp;5,88;1 - 16 - 0;17
Greninja;Mega Greninja;78,26;18 - 5 - 0;23
Greninja;Mega Chandelure;73,33;11 - 4 - 1;16
Greninja;Cynthia's Garchomp;63,16;12 - 7 - 0;19
Greninja;Lucario Hariyama;61,11;22 - 14 - 0;36
Greninja;Grimmsnarl Froslass;60,0;39 - 26 - 0;65
Greninja;Toucannon;58,33;21 - 15 - 0;36
Greninja;Festival Lead;58,06;54 - 39 - 1;94
Greninja;Ogerpon Meganium Hydrapple;55,56;10 - 8 - 0;18
Greninja;Mega Excadrill;52,54;62 - 56 - 0;118
Greninja;Dragapult Dusknoir;52,33;45 - 41 - 2;88
Greninja;N's Zoroark;52,17;36 - 33 - 0;69
Greninja;Mega Lucario;50,0;18 - 18 - 0;36
Greninja;Basic Box;48,39;15 - 16 - 0;31
Greninja;Slowking;46,75;36 - 41 - 0;77
Greninja;Dragapult;41,54;54 - 76 - 1;131
Greninja;Dragapult Blaziken;40,48;34 - 50 - 0;84
Greninja;Alakazam Dudunsparce;36,17;34 - 60 - 0;94
Greninja;Rocket's Honchkrow;28,57;4 - 10 - 0;14
Greninja;Raging Bolt Ogerpon;25,64;10 - 29 - 0;39
Greninja;Dhelmise;16,95;10 - 49 - 0;59
Lopunny Dudunsparce;Basic Box;79,41;27 - 7 - 1;35
Lopunny Dudunsparce;Toucannon;74,07;20 - 7 - 0;27
Lopunny Dudunsparce;Grimmsnarl Froslass;64,71;33 - 18 - 0;51
Lopunny Dudunsparce;Dhelmise;63,01;46 - 27 - 0;73
Lopunny Dudunsparce;Alakazam Dudunsparce;58,49;62 - 44 - 2;108
Lopunny Dudunsparce;Ogerpon Meganium Hydrapple;55,0;11 - 9 - 0;20
Lopunny Dudunsparce;N's Zoroark;52,7;39 - 35 - 0;74
Lopunny Dudunsparce;Mega Excadrill;52,69;49 - 44 - 0;93
Lopunny Dudunsparce;Dragapult;52,55;72 - 65 - 1;138
Lopunny Dudunsparce;Slowking;52,38;44 - 40 - 2;86
Lopunny Dudunsparce;Dragapult Blaziken;50,0;39 - 39 - 0;78
Lopunny Dudunsparce;Raging Bolt Ogerpon;50,0;20 - 20 - 0;40
Lopunny Dudunsparce;Mega Chandelure;50,0;3 - 3 - 0;6
Lopunny Dudunsparce;Dragapult Dusknoir;47,62;40 - 44 - 2;86
Lopunny Dudunsparce;Cynthia's Garchomp;46,67;7 - 8 - 0;15
Lopunny Dudunsparce;Mega Greninja;38,46;5 - 8 - 0;13
Lopunny Dudunsparce;Festival Lead;35,59;21 - 38 - 0;59
Lopunny Dudunsparce;Mega Lucario;29,27;12 - 29 - 0;41
Lopunny Dudunsparce;Rocket's Honchkrow;25,0;5 - 15 - 0;20
Lopunny Dudunsparce;Lucario Hariyama;24,14;7 - 22 - 0;29
Hop's Trevenant;Lucario Hariyama;73,91;17 - 6 - 0;23
Hop's Trevenant;Mega Lucario;73,08;19 - 7 - 1;27
Hop's Trevenant;Mega Chandelure;70,59;12 - 5 - 0;17
Hop's Trevenant;Ogerpon Meganium Hydrapple;63,16;12 - 7 - 0;19
Hop's Trevenant;Mega Excadrill;59,77;52 - 35 - 0;87
Hop's Trevenant;Slowking;58,54;48 - 34 - 0;82
Hop's Trevenant;Raging Bolt Ogerpon;56,76;21 - 16 - 2;39
Hop's Trevenant;Alakazam Dudunsparce;55,06;49 - 40 - 1;90
Hop's Trevenant;Cynthia's Garchomp;55,0;11 - 9 - 0;20
Hop's Trevenant;Rocket's Honchkrow;52,17;12 - 11 - 0;23
Hop's Trevenant;Dhelmise;48,98;24 - 25 - 1;50
Hop's Trevenant;Toucannon;47,37;18 - 20 - 0;38
Hop's Trevenant;Basic Box;46,88;15 - 17 - 2;34
Hop's Trevenant;Dragapult Dusknoir;46,67;42 - 48 - 1;91
Hop's Trevenant;Festival Lead;43,04;34 - 45 - 0;79
Hop's Trevenant;Dragapult Blaziken;38,37;33 - 53 - 1;87
Hop's Trevenant;Mega Greninja;35,0;7 - 13 - 0;20
Hop's Trevenant;N's Zoroark;29,55;26 - 62 - 0;88
Hop's Trevenant;Dragapult;27,43;31 - 82 - 1;114
Hop's Trevenant;Grimmsnarl Froslass;26,53;13 - 36 - 0;49
Starmie Froslass;Mega Chandelure;77,78;14 - 4 - 0;18
Starmie Froslass;Mega Greninja;75,0;15 - 5 - 0;20
Starmie Froslass;Lucario Hariyama;67,86;19 - 9 - 0;28
Starmie Froslass;Basic Box;63,16;12 - 7 - 0;19
Starmie Froslass;Festival Lead;59,26;32 - 22 - 0;54
Starmie Froslass;Toucannon;59,26;16 - 11 - 0;27
Starmie Froslass;Mega Lucario;57,14;16 - 12 - 0;28
Starmie Froslass;Dhelmise;55,0;22 - 18 - 1;41
Starmie Froslass;Raging Bolt Ogerpon;53,33;16 - 14 - 0;30
Starmie Froslass;Dragapult Blaziken;50,56;45 - 44 - 0;89
Starmie Froslass;Ogerpon Meganium Hydrapple;50,0;14 - 14 - 0;28
Starmie Froslass;Rocket's Honchkrow;48,15;13 - 14 - 0;27
Starmie Froslass;Slowking;46,53;47 - 54 - 0;101
Starmie Froslass;Alakazam Dudunsparce;46,15;42 - 49 - 2;93
Starmie Froslass;Dragapult Dusknoir;44,16;34 - 43 - 0;77
Starmie Froslass;Grimmsnarl Froslass;42,0;21 - 29 - 0;50
Starmie Froslass;Mega Excadrill;40,82;40 - 58 - 2;100
Starmie Froslass;N's Zoroark;38,67;29 - 46 - 1;76
Starmie Froslass;Dragapult;37,04;40 - 68 - 0;108
Starmie Froslass;Cynthia's Garchomp;23,53;4 - 13 - 0;17
Lopunny Dusknoir;Festival Lead;72,55;37 - 14 - 2;53
Lopunny Dusknoir;Mega Chandelure;66,67;4 - 2 - 0;6
Lopunny Dusknoir;Mega Excadrill;62,16;46 - 28 - 0;74
Lopunny Dusknoir;Dragapult Blaziken;57,58;38 - 28 - 0;66
Lopunny Dusknoir;Dragapult Dusknoir;56,72;38 - 29 - 1;68
Lopunny Dusknoir;N's Zoroark;52,38;33 - 30 - 0;63
Lopunny Dusknoir;Basic Box;52,17;12 - 11 - 1;24
Lopunny Dusknoir;Grimmsnarl Froslass;52,08;25 - 23 - 0;48
Lopunny Dusknoir;Mega Greninja;50,0;8 - 8 - 0;16
Lopunny Dusknoir;Alakazam Dudunsparce;48,86;43 - 45 - 0;88
Lopunny Dusknoir;Cynthia's Garchomp;47,06;8 - 9 - 0;17
Lopunny Dusknoir;Toucannon;46,67;7 - 8 - 0;15
Lopunny Dusknoir;Slowking;41,33;31 - 44 - 0;75
Lopunny Dusknoir;Dragapult;41,18;49 - 70 - 2;121
Lopunny Dusknoir;Mega Lucario;40,62;13 - 19 - 0;32
Lopunny Dusknoir;Rocket's Honchkrow;37,5;6 - 10 - 0;16
Lopunny Dusknoir;Lucario Hariyama;36,84;7 - 12 - 0;19
Lopunny Dusknoir;Raging Bolt Ogerpon;34,09;15 - 29 - 0;44
Lopunny Dusknoir;Dhelmise;23,53;12 - 39 - 0;51
Lopunny Dusknoir;Ogerpon Meganium Hydrapple;11,11;2 - 16 - 0;18
Manectric Eelektrik;Mega Chandelure;76,92;10 - 3 - 0;13
Manectric Eelektrik;Dhelmise;67,74;42 - 20 - 2;64
Manectric Eelektrik;Mega Greninja;60,0;12 - 8 - 0;20
Manectric Eelektrik;Raging Bolt Ogerpon;55,17;16 - 13 - 0;29
Manectric Eelektrik;Festival Lead;54,84;34 - 28 - 0;62
Manectric Eelektrik;Toucannon;48,65;18 - 19 - 0;37
Manectric Eelektrik;Rocket's Honchkrow;43,48;10 - 13 - 0;23
Manectric Eelektrik;Dragapult Blaziken;42,25;30 - 41 - 1;72
Manectric Eelektrik;Basic Box;39,13;9 - 14 - 0;23
Manectric Eelektrik;N's Zoroark;38,89;28 - 44 - 0;72
Manectric Eelektrik;Grimmsnarl Froslass;38,3;18 - 29 - 0;47
Manectric Eelektrik;Mega Excadrill;37,63;35 - 58 - 1;94
Manectric Eelektrik;Dragapult Dusknoir;37,5;30 - 50 - 0;80
Manectric Eelektrik;Slowking;31,88;22 - 47 - 1;70
Manectric Eelektrik;Ogerpon Meganium Hydrapple;29,41;5 - 12 - 0;17
Manectric Eelektrik;Cynthia's Garchomp;25,0;4 - 12 - 0;16
Manectric Eelektrik;Dragapult;24,71;21 - 64 - 2;87
Manectric Eelektrik;Mega Lucario;24,0;6 - 19 - 0;25
Manectric Eelektrik;Alakazam Dudunsparce;22,78;18 - 61 - 1;80
Manectric Eelektrik;Lucario Hariyama;22,73;5 - 17 - 0;22
Ethan's Typhlosion;Mega Excadrill;80,39;82 - 20 - 0;102
Ethan's Typhlosion;Ogerpon Meganium Hydrapple;60,87;14 - 9 - 0;23
Ethan's Typhlosion;Rocket's Honchkrow;57,14;8 - 6 - 1;15
Ethan's Typhlosion;Slowking;52,11;37 - 34 - 1;72
Ethan's Typhlosion;N's Zoroark;51,52;34 - 32 - 0;66
Ethan's Typhlosion;Basic Box;46,67;14 - 16 - 0;30
Ethan's Typhlosion;Toucannon;40,0;10 - 15 - 1;26
Ethan's Typhlosion;Grimmsnarl Froslass;39,22;20 - 31 - 0;51
Ethan's Typhlosion;Lucario Hariyama;39,13;9 - 14 - 0;23
Ethan's Typhlosion;Mega Greninja;38,89;7 - 11 - 0;18
Ethan's Typhlosion;Alakazam Dudunsparce;38,24;26 - 42 - 1;69
Ethan's Typhlosion;Raging Bolt Ogerpon;38,24;13 - 21 - 0;34
Ethan's Typhlosion;Dragapult Blaziken;35,9;28 - 50 - 1;79
Ethan's Typhlosion;Dragapult;35,71;35 - 63 - 2;100
Ethan's Typhlosion;Mega Chandelure;35,71;5 - 9 - 0;14
Ethan's Typhlosion;Mega Lucario;35,29;12 - 22 - 0;34
Ethan's Typhlosion;Dragapult Dusknoir;33,82;23 - 45 - 2;70
Ethan's Typhlosion;Dhelmise;33,33;21 - 42 - 0;63
Ethan's Typhlosion;Festival Lead;27,03;20 - 54 - 0;74
Ethan's Typhlosion;Cynthia's Garchomp;13,33;2 - 13 - 0;15
Toxtricity Box;Cynthia's Garchomp;72,73;8 - 3 - 0;11
Toxtricity Box;Mega Chandelure;69,23;9 - 4 - 0;13
Toxtricity Box;N's Zoroark;64,29;36 - 20 - 0;56
Toxtricity Box;Slowking;59,42;41 - 28 - 2;71
Toxtricity Box;Rocket's Honchkrow;57,89;11 - 8 - 0;19
Toxtricity Box;Mega Lucario;57,69;15 - 11 - 1;27
Toxtricity Box;Alakazam Dudunsparce;55,56;40 - 32 - 0;72
Toxtricity Box;Raging Bolt Ogerpon;54,84;17 - 14 - 0;31
Toxtricity Box;Dragapult Dusknoir;53,73;36 - 31 - 3;70
Toxtricity Box;Dragapult Blaziken;53,23;33 - 29 - 1;63
Toxtricity Box;Grimmsnarl Froslass;52,46;32 - 29 - 1;62
Toxtricity Box;Mega Excadrill;52,13;49 - 45 - 1;95
Toxtricity Box;Dhelmise;51,79;29 - 27 - 0;56
Toxtricity Box;Festival Lead;48,68;37 - 39 - 1;77
Toxtricity Box;Mega Greninja;45,45;5 - 6 - 3;14
Toxtricity Box;Lucario Hariyama;43,48;10 - 13 - 1;24
Toxtricity Box;Toucannon;42,42;14 - 19 - 0;33
Toxtricity Box;Basic Box;42,31;11 - 15 - 0;26
Toxtricity Box;Dragapult;40,19;43 - 64 - 1;108
Toxtricity Box;Ogerpon Meganium Hydrapple;13,33;2 - 13 - 0;15
Ceruledge;Mega Excadrill;77,5;62 - 18 - 0;80
Ceruledge;Raging Bolt Ogerpon;63,16;12 - 7 - 0;19
Ceruledge;Dhelmise;57,89;33 - 24 - 0;57
Ceruledge;Lucario Hariyama;52,94;9 - 8 - 0;17
Ceruledge;Basic Box;52,0;13 - 12 - 1;26
Ceruledge;Toucannon;50,0;15 - 15 - 0;30
Ceruledge;N's Zoroark;48,15;26 - 28 - 0;54
Ceruledge;Grimmsnarl Froslass;47,5;19 - 21 - 0;40
Ceruledge;Dragapult Blaziken;46,15;36 - 42 - 0;78
Ceruledge;Dragapult;46,05;35 - 41 - 2;78
Ceruledge;Dragapult Dusknoir;45,16;28 - 34 - 1;63
Ceruledge;Rocket's Honchkrow;44,44;4 - 5 - 0;9
Ceruledge;Mega Lucario;43,75;7 - 9 - 0;16
Ceruledge;Ogerpon Meganium Hydrapple;40,0;6 - 9 - 0;15
Ceruledge;Alakazam Dudunsparce;39,24;31 - 48 - 0;79
Ceruledge;Festival Lead;38,1;24 - 39 - 0;63
Ceruledge;Mega Chandelure;37,5;6 - 10 - 0;16
Ceruledge;Slowking;29,51;18 - 43 - 1;62
Ceruledge;Mega Greninja;23,08;3 - 10 - 0;13
Ceruledge;Cynthia's Garchomp;22,22;2 - 7 - 0;9
Dragapult Dudunsparce;Festival Lead;70,91;39 - 16 - 2;57
Dragapult Dudunsparce;Toucannon;70,83;17 - 7 - 0;24
Dragapult Dudunsparce;Mega Chandelure;70,0;7 - 3 - 0;10
Dragapult Dudunsparce;Grimmsnarl Froslass;67,44;29 - 14 - 0;43
Dragapult Dudunsparce;Mega Excadrill;63,89;46 - 26 - 0;72
Dragapult Dudunsparce;N's Zoroark;59,09;39 - 27 - 4;70
Dragapult Dudunsparce;Dhelmise;56,52;26 - 20 - 0;46
Dragapult Dudunsparce;Mega Greninja;55,56;5 - 4 - 0;9
Dragapult Dudunsparce;Dragapult Blaziken;54,88;45 - 37 - 3;85
Dragapult Dudunsparce;Dragapult;54,87;62 - 51 - 6;119
Dragapult Dudunsparce;Alakazam Dudunsparce;53,75;43 - 37 - 1;81
Dragapult Dudunsparce;Dragapult Dusknoir;53,12;34 - 30 - 2;66
Dragapult Dudunsparce;Lucario Hariyama;52,94;9 - 8 - 0;17
Dragapult Dudunsparce;Basic Box;50,0;11 - 11 - 1;23
Dragapult Dudunsparce;Ogerpon Meganium Hydrapple;50,0;9 - 9 - 0;18
Dragapult Dudunsparce;Rocket's Honchkrow;50,0;6 - 6 - 0;12
Dragapult Dudunsparce;Raging Bolt Ogerpon;46,88;15 - 17 - 0;32
Dragapult Dudunsparce;Slowking;44,87;35 - 43 - 0;78
Dragapult Dudunsparce;Mega Lucario;38,1;8 - 13 - 1;22
Dragapult Dudunsparce;Cynthia's Garchomp;36,84;7 - 12 - 1;20
Ogerpon Meganium Arboliva;Cynthia's Garchomp;94,12;16 - 1 - 0;17
Ogerpon Meganium Arboliva;Slowking;72,31;47 - 18 - 2;67
Ogerpon Meganium Arboliva;Mega Lucario;66,67;14 - 7 - 0;21
Ogerpon Meganium Arboliva;Mega Chandelure;66,67;4 - 2 - 0;6
Ogerpon Meganium Arboliva;N's Zoroark;65,15;43 - 23 - 0;66
Ogerpon Meganium Arboliva;Dhelmise;64,44;29 - 16 - 0;45
Ogerpon Meganium Arboliva;Mega Greninja;63,64;7 - 4 - 0;11
Ogerpon Meganium Arboliva;Mega Excadrill;63,37;64 - 37 - 1;102
Ogerpon Meganium Arboliva;Grimmsnarl Froslass;57,14;24 - 18 - 1;43
Ogerpon Meganium Arboliva;Festival Lead;56,36;31 - 24 - 1;56
Ogerpon Meganium Arboliva;Basic Box;56,25;18 - 14 - 0;32
Ogerpon Meganium Arboliva;Dragapult Dusknoir;54,65;47 - 39 - 0;86
Ogerpon Meganium Arboliva;Raging Bolt Ogerpon;54,05;20 - 17 - 0;37
Ogerpon Meganium Arboliva;Dragapult Blaziken;52,44;43 - 39 - 0;82
Ogerpon Meganium Arboliva;Lucario Hariyama;51,52;17 - 16 - 1;34
Ogerpon Meganium Arboliva;Alakazam Dudunsparce;47,95;35 - 38 - 0;73
Ogerpon Meganium Arboliva;Rocket's Honchkrow;45,45;5 - 6 - 0;11
Ogerpon Meganium Arboliva;Ogerpon Meganium Hydrapple;37,5;3 - 5 - 0;8
Ogerpon Meganium Arboliva;Dragapult;37,19;45 - 76 - 1;122
Ogerpon Meganium Arboliva;Toucannon;35,29;6 - 11 - 0;17
Mega Venusaur;Rocket's Honchkrow;72,73;8 - 3 - 0;11
Mega Venusaur;Lucario Hariyama;60,87;14 - 9 - 1;24
Mega Venusaur;Mega Chandelure;60,0;3 - 2 - 0;5
Mega Venusaur;N's Zoroark;59,26;32 - 22 - 0;54
Mega Venusaur;Dhelmise;57,45;27 - 20 - 1;48
Mega Venusaur;Mega Greninja;52,94;9 - 8 - 0;17
Mega Venusaur;Dragapult Dusknoir;50,91;28 - 27 - 0;55
Mega Venusaur;Cynthia's Garchomp;50,0;8 - 8 - 1;17
Mega Venusaur;Mega Excadrill;48,86;43 - 45 - 0;88
Mega Venusaur;Grimmsnarl Froslass;45,24;19 - 23 - 0;42
Mega Venusaur;Basic Box;42,86;9 - 12 - 0;21
Mega Venusaur;Slowking;40,43;19 - 28 - 0;47
Mega Venusaur;Dragapult;40,3;27 - 40 - 2;69
Mega Venusaur;Raging Bolt Ogerpon;35,29;6 - 11 - 0;17
Mega Venusaur;Festival Lead;34,62;18 - 34 - 3;55
Mega Venusaur;Alakazam Dudunsparce;31,67;19 - 41 - 0;60
Mega Venusaur;Dragapult Blaziken;29,79;14 - 33 - 1;48
Mega Venusaur;Toucannon;26,32;5 - 14 - 0;19
Mega Venusaur;Ogerpon Meganium Hydrapple;16,67;2 - 10 - 0;12
Mega Venusaur;Mega Lucario;13,04;3 - 20 - 0;23
Mega Darkrai;Mega Greninja;53,33;8 - 7 - 0;15
Mega Darkrai;Dragapult Dusknoir;50,94;27 - 26 - 1;54
Mega Darkrai;Mega Excadrill;50,94;27 - 26 - 0;53
Mega Darkrai;Dhelmise;48,78;20 - 21 - 0;41
Mega Darkrai;Basic Box;42,11;8 - 11 - 0;19
Mega Darkrai;Mega Chandelure;41,67;5 - 7 - 0;12
Mega Darkrai;Dragapult Blaziken;40,48;17 - 25 - 1;43
Mega Darkrai;Festival Lead;38,89;14 - 22 - 0;36
Mega Darkrai;Dragapult;34,92;22 - 41 - 0;63
Mega Darkrai;Toucannon;34,78;8 - 15 - 0;23
Mega Darkrai;Rocket's Honchkrow;33,33;3 - 6 - 0;9
Mega Darkrai;Lucario Hariyama;30,77;4 - 9 - 0;13
Mega Darkrai;N's Zoroark;30,43;14 - 32 - 0;46
Mega Darkrai;Slowking;28,95;11 - 27 - 0;38
Mega Darkrai;Grimmsnarl Froslass;22,22;4 - 14 - 0;18
Mega Darkrai;Mega Lucario;22,22;2 - 7 - 0;9
Mega Darkrai;Raging Bolt Ogerpon;18,18;2 - 9 - 0;11
Mega Darkrai;Cynthia's Garchomp;16,67;1 - 5 - 0;6
Mega Darkrai;Alakazam Dudunsparce;14,29;6 - 36 - 0;42
Mega Darkrai;Ogerpon Meganium Hydrapple;12,5;1 - 7 - 0;8
Mega Starmie;Mega Greninja;76,92;10 - 3 - 0;13
Mega Starmie;Mega Chandelure;71,43;5 - 2 - 0;7
Mega Starmie;Dhelmise;70,97;22 - 9 - 2;33
Mega Starmie;Rocket's Honchkrow;66,67;6 - 3 - 0;9
Mega Starmie;Basic Box;62,5;10 - 6 - 0;16
Mega Starmie;Toucannon;57,89;11 - 8 - 1;20
Mega Starmie;Festival Lead;56,86;29 - 22 - 0;51
Mega Starmie;Cynthia's Garchomp;54,55;6 - 5 - 0;11
Mega Starmie;N's Zoroark;52,94;27 - 24 - 0;51
Mega Starmie;Ogerpon Meganium Hydrapple;50,0;7 - 7 - 0;14
Mega Starmie;Dragapult;48,28;28 - 30 - 1;59
Mega Starmie;Slowking;45,61;26 - 31 - 0;57
Mega Starmie;Mega Lucario;43,75;7 - 9 - 1;17
Mega Starmie;Raging Bolt Ogerpon;43,48;10 - 13 - 0;23
Mega Starmie;Mega Excadrill;42,03;29 - 40 - 0;69
Mega Starmie;Grimmsnarl Froslass;41,03;16 - 23 - 1;40
Mega Starmie;Lucario Hariyama;38,46;5 - 8 - 0;13
Mega Starmie;Dragapult Blaziken;36,67;22 - 38 - 1;61
Mega Starmie;Dragapult Dusknoir;35,29;12 - 22 - 1;35
Mega Starmie;Alakazam Dudunsparce;32,2;19 - 40 - 0;59
Starmie Dusknoir;Mega Greninja;75,0;12 - 4 - 0;16
Starmie Dusknoir;Mega Chandelure;66,67;4 - 2 - 0;6
Starmie Dusknoir;Festival Lead;62,16;23 - 14 - 0;37
Starmie Dusknoir;Toucannon;61,11;11 - 7 - 0;18
Starmie Dusknoir;Basic Box;54,17;13 - 11 - 0;24
Starmie Dusknoir;Dhelmise;53,33;16 - 14 - 0;30
Starmie Dusknoir;Lucario Hariyama;50,0;5 - 5 - 1;11
Starmie Dusknoir;Mega Excadrill;46,15;30 - 35 - 0;65
Starmie Dusknoir;Dragapult Blaziken;45,1;23 - 28 - 0;51
Starmie Dusknoir;Dragapult Dusknoir;44,78;30 - 37 - 0;67
Starmie Dusknoir;Mega Lucario;43,48;10 - 13 - 0;23
Starmie Dusknoir;Alakazam Dudunsparce;42,55;20 - 27 - 1;48
Starmie Dusknoir;Dragapult;41,1;30 - 43 - 0;73
Starmie Dusknoir;Grimmsnarl Froslass;38,89;14 - 22 - 0;36
Starmie Dusknoir;Cynthia's Garchomp;37,5;3 - 5 - 0;8
Starmie Dusknoir;Slowking;36,84;14 - 24 - 0;38
Starmie Dusknoir;N's Zoroark;34,78;16 - 30 - 0;46
Starmie Dusknoir;Raging Bolt Ogerpon;30,77;4 - 9 - 0;13
Starmie Dusknoir;Rocket's Honchkrow;30,0;3 - 7 - 0;10
Starmie Dusknoir;Ogerpon Meganium Hydrapple;20,0;2 - 8 - 0;10
Cinccino;Ogerpon Meganium Hydrapple;70,0;7 - 3 - 1;11
Cinccino;Dhelmise;68,97;20 - 9 - 0;29
Cinccino;Raging Bolt Ogerpon;66,67;10 - 5 - 0;15
Cinccino;Festival Lead;60,94;39 - 25 - 1;65
Cinccino;Basic Box;60,0;6 - 4 - 1;11
Cinccino;Dragapult Blaziken;57,69;30 - 22 - 1;53
Cinccino;Cynthia's Garchomp;57,14;4 - 3 - 0;7
Cinccino;Mega Chandelure;57,14;4 - 3 - 0;7
Cinccino;Lucario Hariyama;56,25;9 - 7 - 0;16
Cinccino;Grimmsnarl Froslass;56,0;28 - 22 - 0;50
Cinccino;Rocket's Honchkrow;54,55;6 - 5 - 0;11
Cinccino;Mega Excadrill;53,03;35 - 31 - 0;66
Cinccino;Mega Greninja;50,0;3 - 3 - 0;6
Cinccino;Dragapult;46,03;29 - 34 - 1;64
Cinccino;Dragapult Dusknoir;44,9;22 - 27 - 0;49
Cinccino;N's Zoroark;44,9;22 - 27 - 0;49
Cinccino;Toucannon;41,67;10 - 14 - 0;24
Cinccino;Slowking;31,11;14 - 31 - 0;45
Cinccino;Mega Lucario;29,41;5 - 12 - 0;17
Cinccino;Alakazam Dudunsparce;15,56;7 - 38 - 0;45
Alakazam Dusknoir;Raging Bolt Ogerpon;100,0;11 - 0 - 0;11
Alakazam Dusknoir;Mega Greninja;75,0;3 - 1 - 0;4
Alakazam Dusknoir;Grimmsnarl Froslass;72,22;13 - 5 - 0;18
Alakazam Dusknoir;Slowking;67,86;19 - 9 - 1;29
Alakazam Dusknoir;Mega Excadrill;67,65;23 - 11 - 0;34
Alakazam Dusknoir;Basic Box;65,0;13 - 7 - 0;20
Alakazam Dusknoir;Ogerpon Meganium Hydrapple;58,82;10 - 7 - 1;18
Alakazam Dusknoir;Mega Lucario;56,25;9 - 7 - 0;16
Alakazam Dusknoir;N's Zoroark;52,5;21 - 19 - 0;40
Alakazam Dusknoir;Dragapult;50,63;40 - 39 - 2;81
Alakazam Dusknoir;Lucario Hariyama;50,0;9 - 9 - 0;18
Alakazam Dusknoir;Cynthia's Garchomp;50,0;6 - 6 - 0;12
Alakazam Dusknoir;Alakazam Dudunsparce;46,34;19 - 22 - 1;42
Alakazam Dusknoir;Dragapult Blaziken;42,86;12 - 16 - 0;28
Alakazam Dusknoir;Festival Lead;42,86;9 - 12 - 0;21
Alakazam Dusknoir;Dragapult Dusknoir;41,3;19 - 27 - 0;46
Alakazam Dusknoir;Mega Chandelure;40,0;2 - 3 - 1;6
Alakazam Dusknoir;Toucannon;33,33;1 - 2 - 0;3
Alakazam Dusknoir;Rocket's Honchkrow;30,77;4 - 9 - 1;14
Alakazam Dusknoir;Dhelmise;21,74;5 - 18 - 0;23
Sharpedo Toxtricity;N's Zoroark;65,62;21 - 11 - 0;32
Sharpedo Toxtricity;Grimmsnarl Froslass;63,16;12 - 7 - 0;19
Sharpedo Toxtricity;Dhelmise;61,54;16 - 10 - 0;26
Sharpedo Toxtricity;Mega Chandelure;60,0;3 - 2 - 0;5
Sharpedo Toxtricity;Mega Greninja;57,14;4 - 3 - 0;7
Sharpedo Toxtricity;Dragapult Dusknoir;55,56;20 - 16 - 0;36
Sharpedo Toxtricity;Alakazam Dudunsparce;54,0;27 - 23 - 0;50
Sharpedo Toxtricity;Rocket's Honchkrow;53,85;7 - 6 - 0;13
Sharpedo Toxtricity;Basic Box;47,06;8 - 9 - 0;17
Sharpedo Toxtricity;Dragapult Blaziken;44,68;21 - 26 - 0;47
Sharpedo Toxtricity;Dragapult;42,86;30 - 40 - 0;70
Sharpedo Toxtricity;Ogerpon Meganium Hydrapple;37,5;6 - 10 - 0;16
Sharpedo Toxtricity;Lucario Hariyama;36,36;4 - 7 - 0;11
Sharpedo Toxtricity;Toucannon;36,36;4 - 7 - 0;11
Sharpedo Toxtricity;Slowking;35,71;10 - 18 - 1;29
Sharpedo Toxtricity;Festival Lead;33,33;11 - 22 - 0;33
Sharpedo Toxtricity;Raging Bolt Ogerpon;33,33;4 - 8 - 0;12
Sharpedo Toxtricity;Mega Excadrill;31,58;12 - 26 - 1;39
Sharpedo Toxtricity;Mega Lucario;27,27;3 - 8 - 0;11
Sharpedo Toxtricity;Cynthia's Garchomp;25,0;2 - 6 - 0;8
Steven's Metagross;Lucario Hariyama;71,43;10 - 4 - 1;15
Steven's Metagross;Festival Lead;71,05;27 - 11 - 2;40
Steven's Metagross;Mega Chandelure;66,67;2 - 1 - 0;3
Steven's Metagross;Dragapult;57,78;26 - 19 - 0;45
Steven's Metagross;Mega Greninja;57,14;4 - 3 - 0;7
Steven's Metagross;Dragapult Dusknoir;54,76;23 - 19 - 0;42
Steven's Metagross;Mega Lucario;53,33;8 - 7 - 0;15
Steven's Metagross;Dhelmise;53,12;17 - 15 - 1;33
Steven's Metagross;Alakazam Dudunsparce;51,35;19 - 18 - 1;38
Steven's Metagross;Ogerpon Meganium Hydrapple;50,0;3 - 3 - 0;6
Steven's Metagross;Cynthia's Garchomp;50,0;2 - 2 - 2;6
Steven's Metagross;Dragapult Blaziken;48,78;20 - 21 - 1;42
Steven's Metagross;Slowking;46,43;13 - 15 - 0;28
Steven's Metagross;Toucannon;45,45;10 - 12 - 0;22
Steven's Metagross;Raging Bolt Ogerpon;42,86;3 - 4 - 2;9
Steven's Metagross;Mega Excadrill;42,0;21 - 29 - 0;50
Steven's Metagross;Basic Box;41,67;5 - 7 - 0;12
Steven's Metagross;Rocket's Honchkrow;40,0;2 - 3 - 0;5
Steven's Metagross;Grimmsnarl Froslass;33,33;4 - 8 - 0;12
Steven's Metagross;N's Zoroark;30,77;12 - 27 - 0;39
Toxtricity;Slowking;58,82;20 - 14 - 0;34
Toxtricity;Mega Excadrill;47,22;17 - 19 - 0;36
Toxtricity;Mega Chandelure;44,44;4 - 5 - 0;9
Toxtricity;Dragapult Dusknoir;40,0;18 - 27 - 0;45
Toxtricity;Toucannon;40,0;6 - 9 - 0;15
Toxtricity;Lucario Hariyama;40,0;4 - 6 - 0;10
Toxtricity;Dhelmise;39,13;9 - 14 - 0;23
Toxtricity;Dragapult;38,89;14 - 22 - 1;37
Toxtricity;Raging Bolt Ogerpon;35,71;5 - 9 - 0;14
Toxtricity;Festival Lead;35,29;12 - 22 - 0;34
Toxtricity;N's Zoroark;34,78;8 - 15 - 2;25
Toxtricity;Dragapult Blaziken;32,26;10 - 21 - 1;32
Toxtricity;Grimmsnarl Froslass;29,17;7 - 17 - 0;24
Toxtricity;Cynthia's Garchomp;25,0;2 - 6 - 0;8
Toxtricity;Mega Lucario;22,22;2 - 7 - 0;9
Toxtricity;Mega Greninja;20,0;2 - 8 - 0;10
Toxtricity;Ogerpon Meganium Hydrapple;16,67;1 - 5 - 0;6
Toxtricity;Alakazam Dudunsparce;14,81;4 - 23 - 0;27
Toxtricity;Rocket's Honchkrow;14,29;1 - 6 - 0;7
Toxtricity;Basic Box;8,33;1 - 11 - 0;12
Blaziken Zoroark;Raging Bolt Ogerpon;100,0;3 - 0 - 0;3
Blaziken Zoroark;Dhelmise;65,0;13 - 7 - 0;20
Blaziken Zoroark;Mega Excadrill;60,53;23 - 15 - 0;38
Blaziken Zoroark;Basic Box;55,56;5 - 4 - 0;9
Blaziken Zoroark;Toucannon;53,85;7 - 6 - 0;13
Blaziken Zoroark;Alakazam Dudunsparce;51,28;20 - 19 - 0;39
Blaziken Zoroark;Ogerpon Meganium Hydrapple;50,0;2 - 2 - 0;4
Blaziken Zoroark;Dragapult Dusknoir;48,57;17 - 18 - 0;35
Blaziken Zoroark;Dragapult;45,24;19 - 23 - 1;43
Blaziken Zoroark;Grimmsnarl Froslass;42,86;9 - 12 - 0;21
Blaziken Zoroark;Mega Chandelure;42,86;3 - 4 - 0;7
Blaziken Zoroark;Festival Lead;41,46;17 - 24 - 1;42
Blaziken Zoroark;N's Zoroark;40,62;13 - 19 - 0;32
Blaziken Zoroark;Mega Lucario;40,0;2 - 3 - 0;5
Blaziken Zoroark;Dragapult Blaziken;35,48;11 - 20 - 0;31
Blaziken Zoroark;Slowking;33,33;10 - 20 - 1;31
Blaziken Zoroark;Lucario Hariyama;33,33;3 - 6 - 0;9
Blaziken Zoroark;Rocket's Honchkrow;28,57;2 - 5 - 1;8
Blaziken Zoroark;Cynthia's Garchomp;12,5;1 - 7 - 1;9
Blaziken Zoroark;Mega Greninja;11,11;1 - 8 - 0;9
Clefairy Ogerpon;Ogerpon Meganium Hydrapple;62,5;5 - 3 - 0;8
Clefairy Ogerpon;Dragapult Dusknoir;60,53;23 - 15 - 0;38
Clefairy Ogerpon;Dhelmise;59,09;13 - 9 - 0;22
Clefairy Ogerpon;Raging Bolt Ogerpon;55,56;15 - 12 - 0;27
Clefairy Ogerpon;Slowking;54,55;18 - 15 - 0;33
Clefairy Ogerpon;Lucario Hariyama;54,55;6 - 5 - 1;12
Clefairy Ogerpon;Dragapult;53,7;29 - 25 - 0;54
Clefairy Ogerpon;Mega Lucario;52,63;10 - 9 - 0;19
Clefairy Ogerpon;Dragapult Blaziken;52,5;21 - 19 - 0;40
Clefairy Ogerpon;Grimmsnarl Froslass;50,0;6 - 6 - 0;12
Clefairy Ogerpon;N's Zoroark;48,15;13 - 14 - 1;28
Clefairy Ogerpon;Mega Excadrill;44,44;16 - 20 - 2;38
Clefairy Ogerpon;Festival Lead;44,0;11 - 14 - 1;26
Clefairy Ogerpon;Mega Chandelure;40,0;2 - 3 - 0;5
Clefairy Ogerpon;Toucannon;33,33;3 - 6 - 0;9
Clefairy Ogerpon;Cynthia's Garchomp;30,77;4 - 9 - 0;13
Clefairy Ogerpon;Alakazam Dudunsparce;22,22;8 - 28 - 0;36
Clefairy Ogerpon;Rocket's Honchkrow;16,67;1 - 5 - 0;6
Clefairy Ogerpon;Basic Box;0,0;0 - 4 - 0;4
Wailord;Mega Greninja;75,0;3 - 1 - 0;4
Wailord;Rocket's Honchkrow;60,0;3 - 2 - 0;5
Wailord;Basic Box;60,0;3 - 2 - 0;5
Wailord;N's Zoroark;57,14;8 - 6 - 0;14
Wailord;Slowking;53,85;7 - 6 - 0;13
Wailord;Dhelmise;53,33;8 - 7 - 0;15
Wailord;Mega Excadrill;40,91;9 - 13 - 0;22
Wailord;Dragapult Blaziken;40,0;10 - 15 - 0;25
Wailord;Dragapult;40,0;6 - 9 - 0;15
Wailord;Toucannon;35,71;5 - 9 - 0;14
Wailord;Festival Lead;34,78;8 - 15 - 0;23
Wailord;Raging Bolt Ogerpon;33,33;1 - 2 - 0;3
Wailord;Alakazam Dudunsparce;30,0;6 - 14 - 0;20
Wailord;Grimmsnarl Froslass;25,0;2 - 6 - 0;8
Wailord;Dragapult Dusknoir;21,43;3 - 11 - 0;14
Wailord;Ogerpon Meganium Hydrapple;20,0;1 - 4 - 0;5
Wailord;Mega Chandelure;16,67;1 - 5 - 0;6
Wailord;Cynthia's Garchomp;0,0;0 - 3 - 0;3
Okidogi Barbaracle;Rocket's Honchkrow;80,0;4 - 1 - 0;5
Okidogi Barbaracle;Festival Lead;69,23;18 - 8 - 0;26
Okidogi Barbaracle;Slowking;61,11;22 - 14 - 1;37
Okidogi Barbaracle;Mega Lucario;60,0;6 - 4 - 0;10
Okidogi Barbaracle;Mega Excadrill;59,26;16 - 11 - 0;27
Okidogi Barbaracle;Raging Bolt Ogerpon;56,25;9 - 7 - 0;16
Okidogi Barbaracle;N's Zoroark;56,0;14 - 11 - 0;25
Okidogi Barbaracle;Ogerpon Meganium Hydrapple;54,55;6 - 5 - 1;12
Okidogi Barbaracle;Grimmsnarl Froslass;47,83;11 - 12 - 0;23
Okidogi Barbaracle;Lucario Hariyama;44,44;4 - 5 - 0;9
Okidogi Barbaracle;Dragapult Dusknoir;44,0;11 - 14 - 0;25
Okidogi Barbaracle;Mega Chandelure;42,86;3 - 4 - 0;7
Okidogi Barbaracle;Basic Box;41,67;5 - 7 - 0;12
Okidogi Barbaracle;Dragapult;38,24;13 - 21 - 3;37
Okidogi Barbaracle;Dragapult Blaziken;34,48;10 - 19 - 1;30
Okidogi Barbaracle;Toucannon;33,33;3 - 6 - 0;9
Okidogi Barbaracle;Dhelmise;31,58;6 - 13 - 1;20
Okidogi Barbaracle;Mega Greninja;28,57;2 - 5 - 0;7
Okidogi Barbaracle;Alakazam Dudunsparce;22,58;7 - 24 - 0;31
Froslass Munkidori;Mega Chandelure;75,0;3 - 1 - 0;4
Froslass Munkidori;Mega Greninja;70,0;7 - 3 - 0;10
Froslass Munkidori;Festival Lead;65,22;15 - 8 - 0;23
Froslass Munkidori;Ogerpon Meganium Hydrapple;62,5;5 - 3 - 0;8
Froslass Munkidori;Basic Box;60,0;6 - 4 - 0;10
Froslass Munkidori;Slowking;50,0;10 - 10 - 0;20
Froslass Munkidori;Dragapult Dusknoir;46,67;14 - 16 - 0;30
Froslass Munkidori;N's Zoroark;45,16;14 - 17 - 0;31
Froslass Munkidori;Dragapult Blaziken;44,0;11 - 14 - 0;25
Froslass Munkidori;Dragapult;40,74;11 - 16 - 0;27
Froslass Munkidori;Alakazam Dudunsparce;37,04;10 - 17 - 0;27
Froslass Munkidori;Grimmsnarl Froslass;31,58;6 - 13 - 2;21
Froslass Munkidori;Dhelmise;25,0;3 - 9 - 0;12
Froslass Munkidori;Mega Excadrill;22,58;7 - 24 - 0;31
Froslass Munkidori;Raging Bolt Ogerpon;22,22;2 - 7 - 0;9
Froslass Munkidori;Cynthia's Garchomp;20,0;1 - 4 - 1;6
Froslass Munkidori;Rocket's Honchkrow;20,0;1 - 4 - 0;5
Froslass Munkidori;Mega Lucario;20,0;1 - 4 - 0;5
Froslass Munkidori;Toucannon;16,67;1 - 5 - 0;6
Froslass Munkidori;Lucario Hariyama;8,33;1 - 11 - 0;12
Lillie's Clefairy;Lucario Hariyama;84,62;11 - 2 - 0;13
Lillie's Clefairy;Dragapult;74,19;23 - 8 - 0;31
Lillie's Clefairy;Mega Lucario;72,73;8 - 3 - 0;11
Lillie's Clefairy;Dhelmise;72,0;18 - 7 - 0;25
Lillie's Clefairy;Mega Greninja;70,0;7 - 3 - 0;10
Lillie's Clefairy;Mega Chandelure;60,0;3 - 2 - 0;5
Lillie's Clefairy;Slowking;57,69;15 - 11 - 0;26
Lillie's Clefairy;Dragapult Blaziken;50,0;14 - 14 - 1;29
Lillie's Clefairy;Dragapult Dusknoir;50,0;11 - 11 - 0;22
Lillie's Clefairy;Raging Bolt Ogerpon;50,0;6 - 6 - 0;12
Lillie's Clefairy;Basic Box;50,0;3 - 3 - 0;6
Lillie's Clefairy;Ogerpon Meganium Hydrapple;50,0;2 - 2 - 0;4
Lillie's Clefairy;Mega Excadrill;45,45;20 - 24 - 0;44
Lillie's Clefairy;Festival Lead;44,83;13 - 16 - 0;29
Lillie's Clefairy;Rocket's Honchkrow;33,33;2 - 4 - 0;6
Lillie's Clefairy;Grimmsnarl Froslass;31,25;5 - 11 - 0;16
Lillie's Clefairy;Toucannon;30,0;3 - 7 - 1;11
Lillie's Clefairy;Alakazam Dudunsparce;25,0;7 - 21 - 1;29
Lillie's Clefairy;Cynthia's Garchomp;25,0;1 - 3 - 0;4
Lillie's Clefairy;N's Zoroark;24,32;9 - 28 - 2;39
Mega Froslass;Grimmsnarl Froslass;85,0;17 - 3 - 0;20
Mega Froslass;Mega Greninja;75,0;6 - 2 - 0;8
Mega Froslass;Dragapult Blaziken;53,85;14 - 12 - 1;27
Mega Froslass;Dhelmise;50,0;9 - 9 - 0;18
Mega Froslass;Dragapult Dusknoir;50,0;8 - 8 - 0;16
Mega Froslass;Raging Bolt Ogerpon;50,0;3 - 3 - 1;7
Mega Froslass;Cynthia's Garchomp;50,0;2 - 2 - 0;4
Mega Froslass;Lucario Hariyama;46,15;6 - 7 - 0;13
Mega Froslass;Festival Lead;41,67;10 - 14 - 1;25
Mega Froslass;Basic Box;40,0;2 - 3 - 0;5
Mega Froslass;Dragapult;33,33;8 - 16 - 0;24
Mega Froslass;N's Zoroark;33,33;7 - 14 - 1;22
Mega Froslass;Ogerpon Meganium Hydrapple;28,57;2 - 5 - 0;7
Mega Froslass;Slowking;26,32;5 - 14 - 0;19
Mega Froslass;Mega Excadrill;25,0;8 - 24 - 0;32
Mega Froslass;Toucannon;20,0;2 - 8 - 0;10
Mega Froslass;Mega Chandelure;20,0;1 - 4 - 0;5
Mega Froslass;Alakazam Dudunsparce;16,67;6 - 30 - 1;37
Mega Froslass;Mega Lucario;15,38;2 - 11 - 0;13
Mega Froslass;Rocket's Honchkrow;12,5;1 - 7 - 0;8
Mega Abomasnow;Mega Greninja;100,0;6 - 0 - 0;6
Mega Abomasnow;N's Zoroark;68,42;13 - 6 - 0;19
Mega Abomasnow;Mega Chandelure;50,0;2 - 2 - 0;4
Mega Abomasnow;Rocket's Honchkrow;50,0;2 - 2 - 0;4
Mega Abomasnow;Dragapult Blaziken;43,75;14 - 18 - 1;33
Mega Abomasnow;Ogerpon Meganium Hydrapple;42,86;3 - 4 - 0;7
Mega Abomasnow;Dragapult;37,93;11 - 18 - 0;29
Mega Abomasnow;Lucario Hariyama;37,5;3 - 5 - 0;8
Mega Abomasnow;Slowking;37,04;10 - 17 - 0;27
Mega Abomasnow;Toucannon;36,36;4 - 7 - 0;11
Mega Abomasnow;Grimmsnarl Froslass;35,0;7 - 13 - 0;20
Mega Abomasnow;Mega Excadrill;33,33;10 - 20 - 0;30
Mega Abomasnow;Dhelmise;30,77;4 - 9 - 0;13
Mega Abomasnow;Festival Lead;25,0;7 - 21 - 0;28
Mega Abomasnow;Raging Bolt Ogerpon;25,0;1 - 3 - 0;4
Mega Abomasnow;Alakazam Dudunsparce;15,38;4 - 22 - 1;27
Mega Abomasnow;Dragapult Dusknoir;13,64;3 - 19 - 0;22
Mega Abomasnow;Mega Lucario;0,0;0 - 6 - 0;6
Mega Abomasnow;Basic Box;0,0;0 - 5 - 0;5
Metagross;Mega Greninja;100,0;3 - 0 - 0;3
Metagross;Mega Chandelure;71,43;5 - 2 - 0;7
Metagross;Slowking;66,67;16 - 8 - 0;24
Metagross;Festival Lead;61,54;16 - 10 - 1;27
Metagross;N's Zoroark;57,14;16 - 12 - 0;28
Metagross;Dragapult Dusknoir;50,0;12 - 12 - 0;24
Metagross;Dhelmise;50,0;6 - 6 - 0;12
Metagross;Mega Lucario;50,0;5 - 5 - 0;10
Metagross;Mega Excadrill;44,83;13 - 16 - 1;30
Metagross;Dragapult;42,86;12 - 16 - 0;28
Metagross;Raging Bolt Ogerpon;42,86;6 - 8 - 0;14
Metagross;Lucario Hariyama;42,86;3 - 4 - 0;7
Metagross;Toucannon;41,18;7 - 10 - 0;17
Metagross;Ogerpon Meganium Hydrapple;40,0;4 - 6 - 0;10
Metagross;Alakazam Dudunsparce;36,36;8 - 14 - 0;22
Metagross;Dragapult Blaziken;33,33;11 - 22 - 0;33
Metagross;Rocket's Honchkrow;33,33;2 - 4 - 0;6
Metagross;Cynthia's Garchomp;33,33;2 - 4 - 0;6
Metagross;Grimmsnarl Froslass;30,77;4 - 9 - 0;13
Metagross;Basic Box;20,0;1 - 4 - 0;5
Mega Charizard X;Ogerpon Meganium Hydrapple;60,0;3 - 2 - 0;5
Mega Charizard X;N's Zoroark;56,52;13 - 10 - 0;23
Mega Charizard X;Mega Lucario;50,0;3 - 3 - 0;6
Mega Charizard X;Mega Excadrill;47,62;10 - 11 - 1;22
Mega Charizard X;Lucario Hariyama;41,67;5 - 7 - 0;12
Mega Charizard X;Festival Lead;40,0;6 - 9 - 0;15
Mega Charizard X;Dragapult;37,5;12 - 20 - 0;32
Mega Charizard X;Mega Greninja;37,5;3 - 5 - 0;8
Mega Charizard X;Dhelmise;36,84;7 - 12 - 0;19
Mega Charizard X;Dragapult Blaziken;29,41;5 - 12 - 0;17
Mega Charizard X;Cynthia's Garchomp;28,57;2 - 5 - 0;7
Mega Charizard X;Raging Bolt Ogerpon;28,57;2 - 5 - 0;7
Mega Charizard X;Alakazam Dudunsparce;22,22;4 - 14 - 0;18
Mega Charizard X;Grimmsnarl Froslass;18,75;3 - 13 - 0;16
Mega Charizard X;Slowking;15,38;2 - 11 - 0;13
Mega Charizard X;Dragapult Dusknoir;12,5;3 - 21 - 0;24
Mega Charizard X;Toucannon;7,69;1 - 12 - 0;13
Mega Charizard X;Basic Box;0,0;0 - 5 - 0;5
Hydreigon;Cynthia's Garchomp;60,0;3 - 2 - 0;5
Hydreigon;Grimmsnarl Froslass;58,33;7 - 5 - 0;12
Hydreigon;Festival Lead;50,0;5 - 5 - 0;10
Hydreigon;Basic Box;50,0;3 - 3 - 1;7
Hydreigon;N's Zoroark;47,62;10 - 11 - 0;21
Hydreigon;Dhelmise;41,67;5 - 7 - 0;12
Hydreigon;Mega Excadrill;37,93;11 - 18 - 0;29
Hydreigon;Dragapult Dusknoir;37,5;9 - 15 - 0;24
Hydreigon;Mega Chandelure;33,33;1 - 2 - 0;3
Hydreigon;Slowking;26,32;5 - 14 - 0;19
Hydreigon;Mega Greninja;25,0;2 - 6 - 0;8
Hydreigon;Rocket's Honchkrow;25,0;1 - 3 - 0;4
Hydreigon;Alakazam Dudunsparce;23,08;6 - 20 - 0;26
Hydreigon;Dragapult Blaziken;23,08;3 - 10 - 0;13
Hydreigon;Dragapult;22,22;4 - 14 - 0;18
Hydreigon;Toucannon;16,67;1 - 5 - 0;6
Hydreigon;Lucario Hariyama;12,5;1 - 7 - 0;8
Hydreigon;Raging Bolt Ogerpon;0,0;0 - 10 - 0;10
Hydreigon;Mega Lucario;0,0;0 - 6 - 0;6
Hydreigon;Ogerpon Meganium Hydrapple;0,0;0 - 5 - 0;5
Flareon Noctowl;Mega Chandelure;100,0;3 - 0 - 0;3
Flareon Noctowl;Mega Excadrill;61,54;16 - 10 - 0;26
Flareon Noctowl;Festival Lead;60,0;9 - 6 - 0;15
Flareon Noctowl;Dragapult Blaziken;55,56;10 - 8 - 2;20
Flareon Noctowl;Dhelmise;50,0;9 - 9 - 0;18
Flareon Noctowl;Grimmsnarl Froslass;50,0;9 - 9 - 0;18
Flareon Noctowl;Raging Bolt Ogerpon;50,0;5 - 5 - 0;10
Flareon Noctowl;Ogerpon Meganium Hydrapple;50,0;2 - 2 - 0;4
Flareon Noctowl;Dragapult Dusknoir;46,15;6 - 7 - 0;13
Flareon Noctowl;Toucannon;42,86;3 - 4 - 0;7
Flareon Noctowl;Mega Lucario;40,0;4 - 6 - 0;10
Flareon Noctowl;Mega Greninja;40,0;2 - 3 - 0;5
Flareon Noctowl;Dragapult;37,93;11 - 18 - 0;29
Flareon Noctowl;Lucario Hariyama;37,5;3 - 5 - 0;8
Flareon Noctowl;N's Zoroark;33,33;6 - 12 - 0;18
Flareon Noctowl;Slowking;33,33;5 - 10 - 0;15
Flareon Noctowl;Cynthia's Garchomp;33,33;1 - 2 - 0;3
Flareon Noctowl;Alakazam Dudunsparce;27,27;6 - 16 - 1;23
Flareon Noctowl;Rocket's Honchkrow;25,0;1 - 3 - 0;4
Flareon Noctowl;Basic Box;16,67;1 - 5 - 0;6
Mega Dragonite;Basic Box;66,67;6 - 3 - 0;9
Mega Dragonite;Mega Chandelure;66,67;4 - 2 - 0;6
Mega Dragonite;Dragapult Dusknoir;64,71;11 - 6 - 0;17
Mega Dragonite;Rocket's Honchkrow;62,5;5 - 3 - 0;8
Mega Dragonite;N's Zoroark;60,87;14 - 9 - 0;23
Mega Dragonite;Dragapult Blaziken;60,87;14 - 9 - 0;23
Mega Dragonite;Mega Excadrill;58,82;20 - 14 - 0;34
Mega Dragonite;Slowking;52,94;9 - 8 - 0;17
Mega Dragonite;Dhelmise;50,0;6 - 6 - 0;12
Mega Dragonite;Grimmsnarl Froslass;47,06;8 - 9 - 0;17
Mega Dragonite;Dragapult;45,45;10 - 12 - 0;22
Mega Dragonite;Raging Bolt Ogerpon;40,0;4 - 6 - 0;10
Mega Dragonite;Alakazam Dudunsparce;31,58;6 - 13 - 0;19
Mega Dragonite;Lucario Hariyama;25,0;2 - 6 - 0;8
Mega Dragonite;Festival Lead;21,05;4 - 15 - 0;19
Mega Dragonite;Toucannon;20,0;2 - 8 - 0;10
Mega Dragonite;Ogerpon Meganium Hydrapple;20,0;1 - 4 - 0;5
Mega Dragonite;Mega Lucario;16,67;1 - 5 - 0;6
Doublade;Lucario Hariyama;87,5;7 - 1 - 0;8
Doublade;Ogerpon Meganium Hydrapple;75,0;6 - 2 - 0;8
Doublade;Mega Excadrill;63,16;12 - 7 - 0;19
Doublade;Slowking;62,5;10 - 6 - 0;16
Doublade;Basic Box;50,0;4 - 4 - 0;8
Doublade;Festival Lead;47,83;11 - 12 - 1;24
Doublade;N's Zoroark;42,86;6 - 8 - 0;14
Doublade;Cynthia's Garchomp;42,86;3 - 4 - 0;7
Doublade;Dhelmise;38,89;7 - 11 - 0;18
Doublade;Raging Bolt Ogerpon;33,33;1 - 2 - 0;3
Doublade;Grimmsnarl Froslass;30,0;3 - 7 - 0;10
Doublade;Toucannon;28,57;4 - 10 - 0;14
Doublade;Mega Chandelure;28,57;2 - 5 - 0;7
Doublade;Alakazam Dudunsparce;25,0;6 - 18 - 0;24
Doublade;Dragapult Dusknoir;25,0;4 - 12 - 0;16
Doublade;Dragapult;25,0;3 - 9 - 0;12
Doublade;Mega Lucario;25,0;1 - 3 - 0;4
Doublade;Dragapult Blaziken;8,33;1 - 11 - 0;12
Doublade;Rocket's Honchkrow;0,0;0 - 4 - 0;4
Diancie Dusknoir;Mega Chandelure;80,0;4 - 1 - 0;5
Diancie Dusknoir;Dragapult Dusknoir;78,57;11 - 3 - 0;14
Diancie Dusknoir;Dragapult;76,0;19 - 6 - 1;26
Diancie Dusknoir;Raging Bolt Ogerpon;60,0;6 - 4 - 1;11
Diancie Dusknoir;Cynthia's Garchomp;60,0;3 - 2 - 0;5
Diancie Dusknoir;Dragapult Blaziken;57,89;11 - 8 - 0;19
Diancie Dusknoir;Rocket's Honchkrow;57,14;4 - 3 - 0;7
Diancie Dusknoir;Mega Lucario;54,55;6 - 5 - 0;11
Diancie Dusknoir;Festival Lead;54,55;6 - 5 - 0;11
Diancie Dusknoir;Slowking;53,33;8 - 7 - 0;15
Diancie Dusknoir;N's Zoroark;50,0;6 - 6 - 0;12
Diancie Dusknoir;Toucannon;50,0;2 - 2 - 0;4
Diancie Dusknoir;Dhelmise;44,44;4 - 5 - 0;9
Diancie Dusknoir;Ogerpon Meganium Hydrapple;42,86;3 - 4 - 0;7
Diancie Dusknoir;Grimmsnarl Froslass;40,0;4 - 6 - 0;10
Diancie Dusknoir;Alakazam Dudunsparce;27,27;6 - 16 - 0;22
Diancie Dusknoir;Lucario Hariyama;20,0;1 - 4 - 0;5
Diancie Dusknoir;Mega Excadrill;11,11;2 - 16 - 0;18
Diancie Dusknoir;Basic Box;0,0;0 - 5 - 1;6
Tera Box;Raging Bolt Ogerpon;80,0;4 - 1 - 0;5
Tera Box;Grimmsnarl Froslass;76,92;10 - 3 - 1;14
Tera Box;Slowking;66,67;10 - 5 - 0;15
Tera Box;Toucannon;66,67;4 - 2 - 0;6
Tera Box;Festival Lead;65,0;13 - 7 - 1;21
Tera Box;Lucario Hariyama;60,0;3 - 2 - 0;5
Tera Box;Rocket's Honchkrow;60,0;3 - 2 - 0;5
Tera Box;N's Zoroark;58,82;10 - 7 - 0;17
Tera Box;Mega Excadrill;54,55;12 - 10 - 0;22
Tera Box;Mega Lucario;50,0;3 - 3 - 0;6
Tera Box;Mega Chandelure;50,0;2 - 2 - 0;4
Tera Box;Dhelmise;46,15;6 - 7 - 0;13
Tera Box;Dragapult Dusknoir;42,11;8 - 11 - 0;19
Tera Box;Basic Box;40,0;2 - 3 - 0;5
Tera Box;Dragapult;33,33;8 - 16 - 0;24
Tera Box;Dragapult Blaziken;33,33;6 - 12 - 0;18
Tera Box;Alakazam Dudunsparce;27,78;5 - 13 - 0;18
Tera Box;Cynthia's Garchomp;25,0;1 - 3 - 0;4
Hop's Zacian;Mega Lucario;100,0;5 - 0 - 0;5
Hop's Zacian;Dhelmise;61,54;8 - 5 - 0;13
Hop's Zacian;Festival Lead;57,89;11 - 8 - 1;20
Hop's Zacian;Cynthia's Garchomp;50,0;3 - 3 - 0;6
Hop's Zacian;Raging Bolt Ogerpon;50,0;3 - 3 - 0;6
Hop's Zacian;Toucannon;46,15;6 - 7 - 0;13
Hop's Zacian;Lucario Hariyama;42,86;3 - 4 - 0;7
Hop's Zacian;Mega Excadrill;38,89;7 - 11 - 0;18
Hop's Zacian;N's Zoroark;37,5;3 - 5 - 0;8
Hop's Zacian;Slowking;36,0;9 - 16 - 0;25
Hop's Zacian;Dragapult Blaziken;33,33;4 - 8 - 0;12
Hop's Zacian;Basic Box;33,33;2 - 4 - 1;7
Hop's Zacian;Mega Chandelure;33,33;2 - 4 - 0;6
Hop's Zacian;Rocket's Honchkrow;33,33;1 - 2 - 0;3
Hop's Zacian;Ogerpon Meganium Hydrapple;33,33;1 - 2 - 0;3
Hop's Zacian;Dragapult Dusknoir;30,77;4 - 9 - 1;14
Hop's Zacian;Grimmsnarl Froslass;30,0;3 - 7 - 0;10
Hop's Zacian;Alakazam Dudunsparce;25,0;4 - 12 - 0;16
Hop's Zacian;Mega Greninja;25,0;1 - 3 - 0;4
Hop's Zacian;Dragapult;22,22;6 - 21 - 1;28
Marnie's Grimmsnarl;Mega Chandelure;100,0;4 - 0 - 0;4
Marnie's Grimmsnarl;Dhelmise;78,57;11 - 3 - 0;14
Marnie's Grimmsnarl;Mega Greninja;66,67;2 - 1 - 0;3
Marnie's Grimmsnarl;Rocket's Honchkrow;60,0;3 - 2 - 0;5
Marnie's Grimmsnarl;Slowking;53,85;7 - 6 - 0;13
Marnie's Grimmsnarl;Dragapult Dusknoir;53,85;7 - 6 - 0;13
Marnie's Grimmsnarl;N's Zoroark;50,0;4 - 4 - 0;8
Marnie's Grimmsnarl;Dragapult;47,06;8 - 9 - 0;17
Marnie's Grimmsnarl;Grimmsnarl Froslass;46,15;6 - 7 - 0;13
Marnie's Grimmsnarl;Festival Lead;45,0;9 - 11 - 0;20
Marnie's Grimmsnarl;Lucario Hariyama;42,86;3 - 4 - 0;7
Marnie's Grimmsnarl;Dragapult Blaziken;37,5;6 - 10 - 0;16
Marnie's Grimmsnarl;Raging Bolt Ogerpon;37,5;3 - 5 - 0;8
Marnie's Grimmsnarl;Basic Box;33,33;2 - 4 - 0;6
Marnie's Grimmsnarl;Ogerpon Meganium Hydrapple;33,33;1 - 2 - 0;3
Marnie's Grimmsnarl;Mega Excadrill;21,74;5 - 18 - 1;24
Marnie's Grimmsnarl;Alakazam Dudunsparce;20,0;3 - 12 - 1;16
Marnie's Grimmsnarl;Toucannon;18,18;2 - 9 - 0;11
Seaking Festival Lead;Lucario Hariyama;100,0;9 - 0 - 0;9
Seaking Festival Lead;Dhelmise;83,33;5 - 1 - 1;7
Seaking Festival Lead;Festival Lead;80,0;8 - 2 - 0;10
Seaking Festival Lead;Mega Excadrill;73,33;11 - 4 - 0;15
Seaking Festival Lead;Mega Chandelure;66,67;2 - 1 - 0;3
Seaking Festival Lead;Alakazam Dudunsparce;57,14;12 - 9 - 0;21
Seaking Festival Lead;Dragapult Dusknoir;52,38;11 - 10 - 0;21
Seaking Festival Lead;Dragapult;52,0;13 - 12 - 0;25
Seaking Festival Lead;Mega Lucario;50,0;5 - 5 - 0;10
Seaking Festival Lead;N's Zoroark;47,06;8 - 9 - 0;17
Seaking Festival Lead;Grimmsnarl Froslass;40,0;2 - 3 - 0;5
Seaking Festival Lead;Slowking;30,0;3 - 7 - 1;11
Seaking Festival Lead;Basic Box;25,0;2 - 6 - 1;9
Seaking Festival Lead;Raging Bolt Ogerpon;0,0;0 - 4 - 0;4
Seaking Festival Lead;Dragapult Blaziken;0,0;0 - 3 - 0;3
Erika's Victreebel;Grimmsnarl Froslass;75,0;6 - 2 - 0;8
Erika's Victreebel;Basic Box;66,67;2 - 1 - 0;3
Erika's Victreebel;N's Zoroark;57,89;11 - 8 - 1;20
Erika's Victreebel;Raging Bolt Ogerpon;50,0;2 - 2 - 0;4
Erika's Victreebel;Rocket's Honchkrow;50,0;2 - 2 - 0;4
Erika's Victreebel;Alakazam Dudunsparce;45,45;5 - 6 - 0;11
Erika's Victreebel;Dhelmise;42,86;3 - 4 - 0;7
Erika's Victreebel;Slowking;41,67;5 - 7 - 0;12
Erika's Victreebel;Mega Lucario;37,5;3 - 5 - 0;8
Erika's Victreebel;Dragapult Dusknoir;33,33;5 - 10 - 0;15
Erika's Victreebel;Mega Excadrill;30,77;8 - 18 - 0;26
Erika's Victreebel;Festival Lead;28,57;2 - 5 - 0;7
Erika's Victreebel;Lucario Hariyama;25,0;1 - 3 - 0;4
Erika's Victreebel;Dragapult;23,08;3 - 10 - 0;13
Erika's Victreebel;Dragapult Blaziken;13,33;2 - 13 - 1;16
Erika's Victreebel;Toucannon;0,0;0 - 6 - 0;6
Zygarde Barbaracle;Mega Greninja;80,0;4 - 1 - 0;5
Zygarde Barbaracle;Dhelmise;72,73;8 - 3 - 0;11
Zygarde Barbaracle;Slowking;70,0;7 - 3 - 0;10
Zygarde Barbaracle;Lucario Hariyama;66,67;4 - 2 - 0;6
Zygarde Barbaracle;Mega Chandelure;66,67;2 - 1 - 1;4
Zygarde Barbaracle;Mega Lucario;66,67;2 - 1 - 0;3
Zygarde Barbaracle;Festival Lead;58,82;10 - 7 - 0;17
Zygarde Barbaracle;Grimmsnarl Froslass;57,14;8 - 6 - 0;14
Zygarde Barbaracle;Toucannon;50,0;5 - 5 - 0;10
Zygarde Barbaracle;Ogerpon Meganium Hydrapple;50,0;3 - 3 - 0;6
Zygarde Barbaracle;Basic Box;50,0;2 - 2 - 0;4
Zygarde Barbaracle;Dragapult Blaziken;46,15;12 - 14 - 0;26
Zygarde Barbaracle;Mega Excadrill;43,48;10 - 13 - 0;23
Zygarde Barbaracle;N's Zoroark;38,89;7 - 11 - 0;18
Zygarde Barbaracle;Dragapult;38,46;5 - 8 - 1;14
Zygarde Barbaracle;Alakazam Dudunsparce;33,33;4 - 8 - 0;12
Zygarde Barbaracle;Cynthia's Garchomp;33,33;1 - 2 - 0;3
Zygarde Barbaracle;Dragapult Dusknoir;31,58;6 - 13 - 0;19
Zygarde Barbaracle;Rocket's Honchkrow;14,29;1 - 6 - 0;7
Palafin;Toucannon;100,0;3 - 0 - 0;3
Palafin;Mega Chandelure;100,0;3 - 0 - 0;3
Palafin;Raging Bolt Ogerpon;88,89;8 - 1 - 0;9
Palafin;N's Zoroark;66,67;6 - 3 - 1;10
Palafin;Dhelmise;62,5;5 - 3 - 0;8
Palafin;Mega Excadrill;61,11;11 - 7 - 0;18
Palafin;Alakazam Dudunsparce;56,25;9 - 7 - 1;17
Palafin;Grimmsnarl Froslass;55,56;5 - 4 - 0;9
Palafin;Festival Lead;50,0;10 - 10 - 0;20
Palafin;Ogerpon Meganium Hydrapple;50,0;3 - 3 - 0;6
Palafin;Dragapult Dusknoir;45,0;9 - 11 - 0;20
Palafin;Dragapult Blaziken;42,86;6 - 8 - 0;14
Palafin;Mega Lucario;40,0;2 - 3 - 0;5
Palafin;Slowking;38,1;8 - 13 - 1;22
Palafin;Basic Box;33,33;1 - 2 - 0;3
Palafin;Rocket's Honchkrow;33,33;1 - 2 - 0;3
Palafin;Dragapult;18,75;3 - 13 - 0;16
Palafin;Mega Greninja;12,5;1 - 7 - 0;8
Palafin;Lucario Hariyama;0,0;0 - 3 - 0;3
Ogerpon Meganium;Mega Greninja;100,0;3 - 0 - 0;3
Ogerpon Meganium;Toucannon;75,0;3 - 1 - 0;4
Ogerpon Meganium;Mega Lucario;66,67;4 - 2 - 0;6
Ogerpon Meganium;Raging Bolt Ogerpon;66,67;2 - 1 - 0;3
Ogerpon Meganium;N's Zoroark;50,0;5 - 5 - 0;10
Ogerpon Meganium;Mega Excadrill;47,37;9 - 10 - 1;20
Ogerpon Meganium;Festival Lead;44,44;4 - 5 - 0;9
Ogerpon Meganium;Grimmsnarl Froslass;40,0;4 - 6 - 0;10
Ogerpon Meganium;Basic Box;40,0;2 - 3 - 0;5
Ogerpon Meganium;Lucario Hariyama;33,33;1 - 2 - 0;3
Ogerpon Meganium;Alakazam Dudunsparce;29,41;5 - 12 - 0;17
Ogerpon Meganium;Dragapult Blaziken;28,57;4 - 10 - 0;14
Ogerpon Meganium;Slowking;26,32;5 - 14 - 0;19
Ogerpon Meganium;Dragapult;26,32;5 - 14 - 0;19
Ogerpon Meganium;Dhelmise;25,0;2 - 6 - 0;8
Ogerpon Meganium;Cynthia's Garchomp;25,0;1 - 3 - 0;4
Ogerpon Meganium;Dragapult Dusknoir;16,67;2 - 10 - 0;12
Froslass Dudunsparce;Dhelmise;100,0;5 - 0 - 0;5
Froslass Dudunsparce;Ogerpon Meganium Hydrapple;71,43;5 - 2 - 0;7
Froslass Dudunsparce;Grimmsnarl Froslass;50,0;4 - 4 - 1;9
Froslass Dudunsparce;Toucannon;50,0;2 - 2 - 0;4
Froslass Dudunsparce;Dragapult Dusknoir;43,75;7 - 9 - 0;16
Froslass Dudunsparce;Mega Excadrill;43,75;7 - 9 - 0;16
Froslass Dudunsparce;Mega Lucario;42,86;3 - 4 - 0;7
Froslass Dudunsparce;N's Zoroark;38,46;5 - 8 - 0;13
Froslass Dudunsparce;Slowking;33,33;3 - 6 - 0;9
Froslass Dudunsparce;Dragapult;30,77;4 - 9 - 1;14
Froslass Dudunsparce;Alakazam Dudunsparce;30,43;7 - 16 - 1;24
Froslass Dudunsparce;Festival Lead;28,57;4 - 10 - 0;14
Froslass Dudunsparce;Dragapult Blaziken;26,67;4 - 11 - 0;15
Froslass Dudunsparce;Basic Box;0,0;0 - 4 - 0;4
Froslass Dudunsparce;Raging Bolt Ogerpon;0,0;0 - 3 - 0;3
Froslass Dudunsparce;Lucario Hariyama;0,0;0 - 3 - 0;3
Iron Thorns;Slowking;60,0;9 - 6 - 1;16
Iron Thorns;Dhelmise;60,0;6 - 4 - 0;10
Iron Thorns;Dragapult Dusknoir;40,0;6 - 9 - 0;15
Iron Thorns;Toucannon;40,0;2 - 3 - 0;5
Iron Thorns;Festival Lead;36,36;4 - 7 - 0;11
Iron Thorns;Alakazam Dudunsparce;30,0;3 - 7 - 0;10
Iron Thorns;N's Zoroark;27,27;3 - 8 - 0;11
Iron Thorns;Dragapult;25,0;3 - 9 - 0;12
Iron Thorns;Rocket's Honchkrow;25,0;1 - 3 - 0;4
Iron Thorns;Grimmsnarl Froslass;11,11;1 - 8 - 0;9
Iron Thorns;Dragapult Blaziken;7,14;1 - 13 - 0;14
Iron Thorns;Mega Excadrill;0,0;0 - 13 - 0;13
Iron Thorns;Lucario Hariyama;0,0;0 - 3 - 0;3
Iono's Bellibolt;Cynthia's Garchomp;66,67;2 - 1 - 0;3
Iono's Bellibolt;Slowking;50,0;4 - 4 - 0;8
Iono's Bellibolt;Rocket's Honchkrow;50,0;3 - 3 - 0;6
Iono's Bellibolt;Ogerpon Meganium Hydrapple;50,0;2 - 2 - 0;4
Iono's Bellibolt;N's Zoroark;44,44;4 - 5 - 0;9
Iono's Bellibolt;Grimmsnarl Froslass;42,86;3 - 4 - 0;7
Iono's Bellibolt;Dragapult Blaziken;41,67;5 - 7 - 0;12
Iono's Bellibolt;Dragapult;37,5;3 - 5 - 0;8
Iono's Bellibolt;Mega Excadrill;36,84;7 - 12 - 0;19
Iono's Bellibolt;Alakazam Dudunsparce;33,33;3 - 6 - 0;9
Iono's Bellibolt;Dhelmise;33,33;3 - 6 - 0;9
Iono's Bellibolt;Mega Greninja;33,33;1 - 2 - 0;3
Iono's Bellibolt;Raging Bolt Ogerpon;33,33;1 - 2 - 0;3
Iono's Bellibolt;Dragapult Dusknoir;16,67;2 - 10 - 0;12
Iono's Bellibolt;Lucario Hariyama;16,67;1 - 5 - 0;6
Iono's Bellibolt;Festival Lead;14,29;1 - 6 - 0;7
Iono's Bellibolt;Toucannon;0,0;0 - 4 - 0;4
Iono's Bellibolt;Basic Box;0,0;0 - 3 - 0;3
Bronzong;Cynthia's Garchomp;100,0;4 - 0 - 0;4
Bronzong;Festival Lead;77,78;7 - 2 - 0;9
Bronzong;Dragapult Dusknoir;70,0;7 - 3 - 0;10
Bronzong;Mega Excadrill;52,94;9 - 8 - 0;17
Bronzong;Rocket's Honchkrow;50,0;2 - 2 - 0;4
Bronzong;Alakazam Dudunsparce;42,86;3 - 4 - 0;7
Bronzong;Slowking;40,0;2 - 3 - 0;5
Bronzong;Grimmsnarl Froslass;37,5;3 - 5 - 0;8
Bronzong;Dragapult Blaziken;35,71;5 - 9 - 0;14
Bronzong;Raging Bolt Ogerpon;33,33;2 - 4 - 0;6
Bronzong;Toucannon;33,33;1 - 2 - 0;3
Bronzong;N's Zoroark;30,0;3 - 7 - 0;10
Bronzong;Dragapult;30,0;3 - 7 - 0;10
Bronzong;Lucario Hariyama;25,0;1 - 3 - 0;4
Bronzong;Dhelmise;22,22;2 - 7 - 0;9
Bronzong;Mega Lucario;16,67;1 - 5 - 0;6
Ursaluna Lunatone;Cynthia's Garchomp;100,0;3 - 0 - 0;3
Ursaluna Lunatone;Toucannon;66,67;2 - 1 - 0;3
Ursaluna Lunatone;Slowking;60,0;3 - 2 - 0;5
Ursaluna Lunatone;Dhelmise;57,14;4 - 3 - 0;7
Ursaluna Lunatone;Mega Excadrill;54,55;6 - 5 - 0;11
Ursaluna Lunatone;Mega Lucario;50,0;3 - 3 - 0;6
Ursaluna Lunatone;Festival Lead;40,0;2 - 3 - 0;5
Ursaluna Lunatone;Grimmsnarl Froslass;35,71;5 - 9 - 1;15
Ursaluna Lunatone;Dragapult Dusknoir;33,33;5 - 10 - 0;15
Ursaluna Lunatone;Dragapult;26,67;4 - 11 - 0;15
Ursaluna Lunatone;Alakazam Dudunsparce;25,0;2 - 6 - 0;8
Ursaluna Lunatone;N's Zoroark;25,0;2 - 6 - 0;8
Ursaluna Lunatone;Lucario Hariyama;25,0;1 - 3 - 0;4
Ursaluna Lunatone;Dragapult Blaziken;14,29;1 - 6 - 0;7
Ursaluna Lunatone;Raging Bolt Ogerpon;0,0;0 - 4 - 0;4
Azumarill;Alakazam Dudunsparce;69,23;9 - 4 - 0;13
Azumarill;Slowking;66,67;4 - 2 - 0;6
Azumarill;Cynthia's Garchomp;66,67;2 - 1 - 0;3
Azumarill;Lucario Hariyama;60,0;3 - 2 - 0;5
Azumarill;Mega Excadrill;55,56;5 - 4 - 1;10
Azumarill;Mega Lucario;50,0;5 - 5 - 0;10
Azumarill;Rocket's Honchkrow;50,0;2 - 2 - 0;4
Azumarill;Dragapult;42,86;6 - 8 - 0;14
Azumarill;N's Zoroark;42,86;3 - 4 - 0;7
Azumarill;Dragapult Dusknoir;41,67;5 - 7 - 0;12
Azumarill;Dhelmise;33,33;1 - 2 - 0;3
Azumarill;Basic Box;25,0;1 - 3 - 0;4
Azumarill;Toucannon;25,0;1 - 3 - 0;4
Azumarill;Festival Lead;22,22;2 - 7 - 0;9
Azumarill;Dragapult Blaziken;20,0;2 - 8 - 0;10
Azumarill;Grimmsnarl Froslass;20,0;1 - 4 - 0;5
Archaludon;Toucannon;60,0;3 - 2 - 0;5
Archaludon;Basic Box;60,0;3 - 2 - 0;5
Archaludon;Dragapult;44,44;4 - 5 - 0;9
Archaludon;Dhelmise;42,86;3 - 4 - 0;7
Archaludon;Mega Excadrill;42,86;3 - 4 - 0;7
Archaludon;Slowking;37,5;3 - 5 - 0;8
Archaludon;Festival Lead;37,5;3 - 5 - 0;8
Archaludon;Mega Chandelure;33,33;1 - 2 - 0;3
Archaludon;Dragapult Dusknoir;30,0;3 - 7 - 0;10
Archaludon;Alakazam Dudunsparce;28,57;2 - 5 - 0;7
Archaludon;Mega Greninja;25,0;2 - 6 - 0;8
Archaludon;Ogerpon Meganium Hydrapple;25,0;1 - 3 - 0;4
Archaludon;N's Zoroark;20,0;1 - 4 - 0;5
Archaludon;Dragapult Blaziken;11,11;1 - 8 - 0;9
Archaludon;Grimmsnarl Froslass;0,0;0 - 4 - 0;4
Archaludon;Rocket's Honchkrow;0,0;0 - 3 - 0;3
Mega Feraligatr;Mega Greninja;100,0;3 - 0 - 0;3
Mega Feraligatr;N's Zoroark;80,0;4 - 1 - 0;5
Mega Feraligatr;Cynthia's Garchomp;75,0;3 - 1 - 0;4
Mega Feraligatr;Dragapult;50,0;2 - 2 - 0;4
Mega Feraligatr;Ogerpon Meganium Hydrapple;40,0;2 - 3 - 0;5
Mega Feraligatr;Dragapult Dusknoir;33,33;4 - 8 - 0;12
Mega Feraligatr;Grimmsnarl Froslass;33,33;2 - 4 - 0;6
Mega Feraligatr;Festival Lead;33,33;2 - 4 - 0;6
Mega Feraligatr;Alakazam Dudunsparce;33,33;2 - 4 - 0;6
Mega Feraligatr;Mega Chandelure;33,33;1 - 2 - 0;3
Mega Feraligatr;Raging Bolt Ogerpon;28,57;2 - 5 - 0;7
Mega Feraligatr;Slowking;20,0;1 - 4 - 0;5
Mega Feraligatr;Toucannon;20,0;1 - 4 - 0;5
Mega Feraligatr;Mega Excadrill;0,0;0 - 11 - 0;11
Mega Feraligatr;Dragapult Blaziken;0,0;0 - 5 - 0;5
Mega Feraligatr;Mega Lucario;0,0;0 - 4 - 0;4
Mega Feraligatr;Lucario Hariyama;0,0;0 - 3 - 0;3
Mega Feraligatr;Rocket's Honchkrow;0,0;0 - 3 - 0;3
Yanmega;Dhelmise;66,67;4 - 2 - 0;6
Yanmega;Dragapult Blaziken;50,0;5 - 5 - 0;10
Yanmega;Dragapult Dusknoir;50,0;3 - 3 - 1;7
Yanmega;Toucannon;50,0;3 - 3 - 0;6
Yanmega;Grimmsnarl Froslass;50,0;2 - 2 - 0;4
Yanmega;Mega Excadrill;41,67;5 - 7 - 0;12
Yanmega;Festival Lead;40,0;4 - 6 - 0;10
Yanmega;Alakazam Dudunsparce;38,46;5 - 8 - 0;13
Yanmega;Ogerpon Meganium Hydrapple;33,33;1 - 2 - 0;3
Yanmega;Slowking;28,57;2 - 5 - 1;8
Yanmega;Dragapult;25,0;4 - 12 - 0;16
Yanmega;N's Zoroark;25,0;1 - 3 - 0;4
Yanmega;Basic Box;25,0;1 - 3 - 0;4
Yanmega;Mega Lucario;20,0;1 - 4 - 0;5
Decidueye;Dhelmise;50,0;4 - 4 - 0;8
Decidueye;Grimmsnarl Froslass;50,0;3 - 3 - 0;6
Decidueye;N's Zoroark;50,0;3 - 3 - 0;6
Decidueye;Mega Excadrill;45,45;5 - 6 - 0;11
Decidueye;Alakazam Dudunsparce;44,44;4 - 5 - 1;10
Decidueye;Slowking;42,86;3 - 4 - 0;7
Decidueye;Festival Lead;40,0;2 - 3 - 0;5
Decidueye;Toucannon;33,33;2 - 4 - 0;6
Decidueye;Dragapult;30,0;3 - 7 - 0;10
Decidueye;Dragapult Dusknoir;16,67;1 - 5 - 0;6
Decidueye;Dragapult Blaziken;0,0;0 - 5 - 0;5
Decidueye;Basic Box;0,0;0 - 3 - 0;3
Decidueye;Mega Lucario;0,0;0 - 3 - 0;3
Mega Camerupt;Grimmsnarl Froslass;60,0;6 - 4 - 0;10
Mega Camerupt;Toucannon;60,0;3 - 2 - 0;5
Mega Camerupt;Slowking;57,14;4 - 3 - 0;7
Mega Camerupt;Mega Excadrill;55,56;5 - 4 - 0;9
Mega Camerupt;Ogerpon Meganium Hydrapple;40,0;2 - 3 - 0;5
Mega Camerupt;N's Zoroark;37,5;3 - 5 - 0;8
Mega Camerupt;Festival Lead;36,36;4 - 7 - 0;11
Mega Camerupt;Dragapult Blaziken;28,57;2 - 5 - 0;7
Mega Camerupt;Dragapult Dusknoir;28,57;2 - 5 - 0;7
Mega Camerupt;Dhelmise;20,0;1 - 4 - 0;5
Mega Camerupt;Basic Box;20,0;1 - 4 - 0;5
Mega Camerupt;Dragapult;18,18;2 - 9 - 0;11
Mega Camerupt;Alakazam Dudunsparce;15,38;2 - 11 - 0;13
Mega Camerupt;Lucario Hariyama;0,0;0 - 5 - 0;5
Mega Camerupt;Rocket's Honchkrow;0,0;0 - 3 - 0;3
Archaludon Dudunsparce;Toucannon;75,0;3 - 1 - 0;4
Archaludon Dudunsparce;Mega Chandelure;66,67;2 - 1 - 0;3
Archaludon Dudunsparce;Dragapult Dusknoir;57,14;4 - 3 - 0;7
Archaludon Dudunsparce;Dhelmise;50,0;2 - 2 - 1;5
Archaludon Dudunsparce;Mega Lucario;40,0;2 - 3 - 0;5
Archaludon Dudunsparce;Festival Lead;33,33;3 - 6 - 0;9
Archaludon Dudunsparce;Alakazam Dudunsparce;33,33;2 - 4 - 0;6
Archaludon Dudunsparce;Dragapult Blaziken;33,33;2 - 4 - 0;6
Archaludon Dudunsparce;N's Zoroark;33,33;2 - 4 - 0;6
Archaludon Dudunsparce;Mega Excadrill;25,0;2 - 6 - 0;8
Archaludon Dudunsparce;Dragapult;20,0;3 - 12 - 0;15
Archaludon Dudunsparce;Slowking;20,0;1 - 4 - 0;5
Archaludon Dudunsparce;Grimmsnarl Froslass;16,67;1 - 5 - 0;6
Dudunsparce Control;N's Zoroark;80,0;4 - 1 - 0;5
Dudunsparce Control;Dhelmise;75,0;3 - 1 - 1;5
Dudunsparce Control;Toucannon;75,0;3 - 1 - 0;4
Dudunsparce Control;Slowking;60,0;3 - 2 - 0;5
Dudunsparce Control;Festival Lead;57,14;4 - 3 - 0;7
Dudunsparce Control;Ogerpon Meganium Hydrapple;50,0;3 - 3 - 0;6
Dudunsparce Control;Raging Bolt Ogerpon;42,86;3 - 4 - 0;7
Dudunsparce Control;Dragapult;40,0;2 - 3 - 0;5
Dudunsparce Control;Mega Excadrill;33,33;3 - 6 - 0;9
Dudunsparce Control;Grimmsnarl Froslass;33,33;1 - 2 - 0;3
Dudunsparce Control;Dragapult Dusknoir;28,57;2 - 5 - 0;7
Dudunsparce Control;Mega Lucario;20,0;1 - 4 - 0;5
Dudunsparce Control;Dragapult Blaziken;14,29;1 - 6 - 0;7
Dudunsparce Control;Mega Greninja;0,0;0 - 2 - 1;3
Rocket's Nidoking;Alakazam Dudunsparce;85,71;6 - 1 - 0;7
Rocket's Nidoking;Ogerpon Meganium Hydrapple;66,67;2 - 1 - 0;3
Rocket's Nidoking;Festival Lead;45,45;5 - 6 - 0;11
Rocket's Nidoking;Mega Excadrill;37,5;3 - 5 - 0;8
Rocket's Nidoking;Grimmsnarl Froslass;33,33;2 - 4 - 0;6
Rocket's Nidoking;Dragapult;33,33;2 - 4 - 0;6
Rocket's Nidoking;Slowking;33,33;2 - 4 - 0;6
Rocket's Nidoking;Mega Greninja;33,33;1 - 2 - 0;3
Rocket's Nidoking;Dhelmise;33,33;1 - 2 - 0;3
Rocket's Nidoking;Raging Bolt Ogerpon;25,0;1 - 3 - 0;4
Rocket's Nidoking;Dragapult Blaziken;20,0;1 - 4 - 0;5
Rocket's Nidoking;N's Zoroark;16,67;1 - 5 - 0;6
Rocket's Nidoking;Dragapult Dusknoir;0,0;0 - 6 - 0;6
Joltik Box;Raging Bolt Ogerpon;75,0;3 - 1 - 0;4
Joltik Box;Mega Excadrill;66,67;6 - 3 - 0;9
Joltik Box;Grimmsnarl Froslass;62,5;5 - 3 - 0;8
Joltik Box;Alakazam Dudunsparce;50,0;3 - 3 - 0;6
Joltik Box;Dragapult Dusknoir;45,45;5 - 6 - 0;11
Joltik Box;Festival Lead;42,86;3 - 4 - 0;7
Joltik Box;N's Zoroark;40,0;2 - 3 - 0;5
Joltik Box;Dragapult Blaziken;37,5;3 - 5 - 0;8
Joltik Box;Slowking;33,33;1 - 2 - 0;3
Joltik Box;Dhelmise;25,0;1 - 3 - 0;4
Joltik Box;Toucannon;20,0;1 - 4 - 0;5
Joltik Box;Dragapult;12,5;1 - 7 - 0;8
Jellicent Dusknoir;Mega Lucario;100,0;3 - 0 - 0;3
Jellicent Dusknoir;Mega Excadrill;70,0;7 - 3 - 0;10
Jellicent Dusknoir;Cynthia's Garchomp;66,67;2 - 1 - 0;3
Jellicent Dusknoir;Festival Lead;66,67;2 - 1 - 0;3
Jellicent Dusknoir;Lucario Hariyama;66,67;2 - 1 - 0;3
Jellicent Dusknoir;Dragapult Blaziken;44,44;4 - 5 - 0;9
Jellicent Dusknoir;Dragapult;40,0;2 - 3 - 0;5
Jellicent Dusknoir;Alakazam Dudunsparce;30,77;4 - 9 - 0;13
Jellicent Dusknoir;N's Zoroark;28,57;2 - 5 - 0;7
Jellicent Dusknoir;Dragapult Dusknoir;25,0;1 - 3 - 0;4
Jellicent Dusknoir;Grimmsnarl Froslass;0,0;0 - 3 - 0;3
Dragapult Froslass;Raging Bolt Ogerpon;100,0;4 - 0 - 0;4
Dragapult Froslass;Dragapult Blaziken;83,33;5 - 1 - 0;6
Dragapult Froslass;Festival Lead;75,0;3 - 1 - 0;4
Dragapult Froslass;N's Zoroark;66,67;4 - 2 - 2;8
Dragapult Froslass;Toucannon;66,67;2 - 1 - 0;3
Dragapult Froslass;Ogerpon Meganium Hydrapple;66,67;2 - 1 - 0;3
Dragapult Froslass;Alakazam Dudunsparce;60,0;3 - 2 - 0;5
Dragapult Froslass;Slowking;50,0;3 - 3 - 0;6
Dragapult Froslass;Dhelmise;40,0;2 - 3 - 0;5
Dragapult Froslass;Lucario Hariyama;33,33;1 - 2 - 0;3
Dragapult Froslass;Rocket's Honchkrow;33,33;1 - 2 - 0;3
Dragapult Froslass;Dragapult Dusknoir;25,0;1 - 3 - 0;4
Dragapult Froslass;Dragapult;23,08;3 - 10 - 1;14
Dragapult Froslass;Mega Excadrill;20,0;1 - 4 - 0;5
Alakazam;N's Zoroark;80,0;4 - 1 - 0;5
Alakazam;Mega Lucario;66,67;2 - 1 - 0;3
Alakazam;Slowking;57,14;4 - 3 - 0;7
Alakazam;Alakazam Dudunsparce;45,45;5 - 6 - 1;12
Alakazam;Basic Box;40,0;2 - 3 - 0;5
Alakazam;Dragapult Dusknoir;40,0;2 - 3 - 0;5
Alakazam;Mega Excadrill;33,33;3 - 6 - 0;9
Alakazam;Lucario Hariyama;33,33;1 - 2 - 0;3
Alakazam;Toucannon;25,0;1 - 3 - 0;4
Alakazam;Dhelmise;20,0;1 - 4 - 0;5
Alakazam;Dragapult;20,0;1 - 4 - 0;5
Alakazam;Festival Lead;16,67;1 - 5 - 0;6
Ethan's Magcargo;Mega Excadrill;66,67;6 - 3 - 0;9
Ethan's Magcargo;Slowking;50,0;3 - 3 - 0;6
Ethan's Magcargo;Dragapult;37,5;3 - 5 - 0;8
Ethan's Magcargo;Alakazam Dudunsparce;33,33;3 - 6 - 0;9
Ethan's Magcargo;Dragapult Blaziken;33,33;1 - 2 - 0;3
Ethan's Magcargo;Dragapult Dusknoir;16,67;1 - 5 - 0;6
Ethan's Magcargo;Festival Lead;0,0;0 - 3 - 0;3
Ethan's Magcargo;Dhelmise;0,0;0 - 3 - 0;3
Ethan's Magcargo;N's Zoroark;0,0;0 - 3 - 0;3
Ethan's Magcargo;Raging Bolt Ogerpon;0,0;0 - 3 - 0;3
Mamoswine;Slowking;50,0;3 - 3 - 0;6
Mamoswine;Dragapult Dusknoir;42,86;3 - 4 - 0;7
Mamoswine;N's Zoroark;40,0;2 - 3 - 0;5
Mamoswine;Raging Bolt Ogerpon;40,0;2 - 3 - 0;5
Mamoswine;Dhelmise;33,33;2 - 4 - 0;6
Mamoswine;Lucario Hariyama;25,0;1 - 3 - 0;4
Mamoswine;Mega Excadrill;16,67;1 - 5 - 0;6
Mamoswine;Alakazam Dudunsparce;0,0;0 - 7 - 0;7
Sinistcha Ogerpon;Festival Lead;100,0;6 - 0 - 0;6
Sinistcha Ogerpon;N's Zoroark;85,71;6 - 1 - 0;7
Sinistcha Ogerpon;Mega Excadrill;77,78;7 - 2 - 0;9
Sinistcha Ogerpon;Cynthia's Garchomp;66,67;2 - 1 - 0;3
Sinistcha Ogerpon;Rocket's Honchkrow;66,67;2 - 1 - 0;3
Sinistcha Ogerpon;Dhelmise;50,0;3 - 3 - 0;6
Sinistcha Ogerpon;Alakazam Dudunsparce;50,0;3 - 3 - 0;6
Sinistcha Ogerpon;Mega Lucario;50,0;2 - 2 - 0;4
Sinistcha Ogerpon;Dragapult Dusknoir;42,86;6 - 8 - 1;15
Sinistcha Ogerpon;Slowking;42,86;3 - 4 - 0;7
Sinistcha Ogerpon;Dragapult;40,0;4 - 6 - 0;10
Sinistcha Ogerpon;Raging Bolt Ogerpon;40,0;2 - 3 - 0;5
Sinistcha Ogerpon;Dragapult Blaziken;30,0;3 - 7 - 1;11
Sinistcha Ogerpon;Grimmsnarl Froslass;25,0;1 - 3 - 0;4
Sinistcha Ogerpon;Lucario Hariyama;25,0;1 - 3 - 0;4
Eelektrik;Basic Box;66,67;2 - 1 - 0;3
Eelektrik;N's Zoroark;60,0;3 - 2 - 0;5
Eelektrik;Dhelmise;50,0;3 - 3 - 0;6
Eelektrik;Alakazam Dudunsparce;42,86;3 - 4 - 0;7
Eelektrik;Dragapult;40,0;2 - 3 - 0;5
Eelektrik;Mega Excadrill;37,5;3 - 5 - 0;8
Eelektrik;Festival Lead;33,33;2 - 4 - 0;6
Eelektrik;Ogerpon Meganium Hydrapple;33,33;1 - 2 - 0;3
Eelektrik;Toucannon;33,33;1 - 2 - 0;3
Eelektrik;Lucario Hariyama;20,0;1 - 4 - 0;5
Eelektrik;Dragapult Blaziken;16,67;1 - 5 - 0;6
Eelektrik;Dragapult Dusknoir;0,0;0 - 4 - 0;4
Eelektrik;Slowking;0,0;0 - 3 - 0;3
Eelektrik;Mega Lucario;0,0;0 - 3 - 0;3
Eelektrik;Mega Chandelure;0,0;0 - 3 - 0;3
Misty's Gyarados;Dhelmise;80,0;4 - 1 - 0;5
Misty's Gyarados;N's Zoroark;80,0;4 - 1 - 0;5
Misty's Gyarados;Mega Excadrill;66,67;6 - 3 - 0;9
Misty's Gyarados;Alakazam Dudunsparce;66,67;2 - 1 - 0;3
Misty's Gyarados;Dragapult;33,33;2 - 4 - 0;6
Misty's Gyarados;Rocket's Honchkrow;33,33;1 - 2 - 0;3
Misty's Gyarados;Cynthia's Garchomp;20,0;1 - 4 - 0;5
Misty's Gyarados;Slowking;20,0;1 - 4 - 0;5
Misty's Gyarados;Festival Lead;0,0;0 - 6 - 0;6
Misty's Gyarados;Dragapult Dusknoir;0,0;0 - 3 - 0;3
Archaludon Zoroark;Dragapult Dusknoir;80,0;4 - 1 - 0;5
Archaludon Zoroark;Dragapult Blaziken;75,0;3 - 1 - 0;4
Archaludon Zoroark;Mega Excadrill;66,67;4 - 2 - 0;6
Archaludon Zoroark;Slowking;66,67;4 - 2 - 0;6
Archaludon Zoroark;Dhelmise;57,14;4 - 3 - 0;7
Archaludon Zoroark;Alakazam Dudunsparce;40,0;2 - 3 - 0;5
Archaludon Zoroark;N's Zoroark;33,33;3 - 6 - 0;9
Archaludon Zoroark;Mega Lucario;0,0;0 - 3 - 0;3
Archaludon Zoroark;Toucannon;0,0;0 - 3 - 0;3
Blaziken;Alakazam Dudunsparce;50,0;3 - 3 - 0;6
Blaziken;Mega Excadrill;50,0;2 - 2 - 0;4
Blaziken;Festival Lead;40,0;2 - 3 - 0;5
Blaziken;Dragapult Dusknoir;33,33;1 - 2 - 0;3
Blaziken;Dragapult Blaziken;28,57;2 - 5 - 0;7
Blaziken;Dragapult;0,0;0 - 6 - 0;6
Blaziken;Mega Chandelure;0,0;0 - 3 - 0;3
Greninja Blaziken;N's Zoroark;87,5;7 - 1 - 0;8
Greninja Blaziken;Grimmsnarl Froslass;66,67;2 - 1 - 0;3
Greninja Blaziken;Mega Lucario;66,67;2 - 1 - 0;3
Greninja Blaziken;Dragapult;63,64;7 - 4 - 0;11
Greninja Blaziken;Alakazam Dudunsparce;57,14;4 - 3 - 0;7
Greninja Blaziken;Slowking;50,0;3 - 3 - 0;6
Greninja Blaziken;Dragapult Dusknoir;50,0;2 - 2 - 0;4
Greninja Blaziken;Festival Lead;33,33;1 - 2 - 0;3
Greninja Blaziken;Dhelmise;25,0;1 - 3 - 0;4
Sylveon;Slowking;66,67;2 - 1 - 1;4
Sylveon;Dhelmise;66,67;2 - 1 - 0;3
Sylveon;Mega Chandelure;66,67;2 - 1 - 0;3
Sylveon;N's Zoroark;50,0;2 - 2 - 0;4
Sylveon;Dragapult;33,33;2 - 4 - 0;6
Sylveon;Ogerpon Meganium Hydrapple;33,33;1 - 2 - 0;3
Sylveon;Festival Lead;33,33;1 - 2 - 0;3
Sylveon;Mega Lucario;33,33;1 - 2 - 0;3
Sylveon;Grimmsnarl Froslass;20,0;1 - 4 - 0;5
Sylveon;Dragapult Dusknoir;20,0;1 - 4 - 0;5
Sylveon;Dragapult Blaziken;16,67;1 - 5 - 0;6
Sylveon;Mega Excadrill;0,0;0 - 8 - 0;8
Sylveon;Toucannon;0,0;0 - 3 - 0;3
Mega Zygarde;N's Zoroark;66,67;4 - 2 - 0;6
Mega Zygarde;Lucario Hariyama;66,67;2 - 1 - 0;3
Mega Zygarde;Festival Lead;37,5;3 - 5 - 0;8
Mega Zygarde;Dhelmise;33,33;1 - 2 - 0;3
Mega Zygarde;Dragapult;33,33;1 - 2 - 0;3
Mega Zygarde;Dragapult Blaziken;33,33;1 - 2 - 0;3
Mega Zygarde;Slowking;25,0;1 - 3 - 0;4
Mega Zygarde;Dragapult Dusknoir;20,0;1 - 4 - 0;5
Mega Zygarde;Mega Excadrill;0,0;0 - 7 - 0;7
Mega Zygarde;Alakazam Dudunsparce;0,0;0 - 3 - 0;3
Blissey;Toucannon;100,0;3 - 0 - 0;3
Blissey;Dhelmise;80,0;4 - 1 - 0;5
Blissey;Dragapult Blaziken;66,67;4 - 2 - 0;6
Blissey;Alakazam Dudunsparce;57,14;4 - 3 - 0;7
Blissey;Dragapult;50,0;3 - 3 - 0;6
Blissey;Dragapult Dusknoir;25,0;2 - 6 - 0;8
Blissey;Festival Lead;25,0;1 - 3 - 0;4
Blissey;N's Zoroark;16,67;1 - 5 - 0;6
Terapagos Noctowl;Mega Excadrill;100,0;3 - 0 - 0;3
Terapagos Noctowl;Dragapult Dusknoir;83,33;5 - 1 - 0;6
Terapagos Noctowl;N's Zoroark;60,0;3 - 2 - 0;5
Terapagos Noctowl;Alakazam Dudunsparce;50,0;2 - 2 - 0;4
Terapagos Noctowl;Festival Lead;40,0;2 - 3 - 0;5
Terapagos Noctowl;Toucannon;33,33;1 - 2 - 0;3
Terapagos Noctowl;Dragapult Blaziken;12,5;1 - 7 - 0;8
Gengar;Grimmsnarl Froslass;50,0;2 - 2 - 0;4
Gengar;Dhelmise;50,0;2 - 2 - 0;4
Gengar;Mega Excadrill;50,0;2 - 2 - 0;4
Gengar;Festival Lead;40,0;2 - 3 - 0;5
Gengar;Toucannon;33,33;1 - 2 - 0;3
Gengar;Dragapult Dusknoir;33,33;1 - 2 - 0;3
Gengar;N's Zoroark;25,0;1 - 3 - 0;4
Gengar;Slowking;25,0;1 - 3 - 0;4
Gengar;Lucario Hariyama;0,0;0 - 4 - 0;4
Rocket's Spidops;Alakazam Dudunsparce;66,67;2 - 1 - 0;3
Rocket's Spidops;Dragapult Dusknoir;50,0;3 - 3 - 0;6
Rocket's Spidops;Dhelmise;50,0;2 - 2 - 0;4
Rocket's Spidops;Lucario Hariyama;50,0;2 - 2 - 0;4
Rocket's Spidops;Dragapult Blaziken;40,0;2 - 3 - 0;5
Rocket's Spidops;Dragapult;40,0;2 - 3 - 0;5
Rocket's Spidops;Mega Excadrill;40,0;2 - 3 - 0;5
Rocket's Spidops;Mega Greninja;25,0;1 - 3 - 0;4
Rocket's Spidops;Festival Lead;0,0;0 - 4 - 0;4
