# Fenster 2026-08-25 bis 2026-09-08 (14 Tage) · 9617 Decks im Fenster · 41714 kumulativ seit Formatbeginn. count_fenster ist die Differenz zweier gemessener Kumulativstaende, keine Schaetzung. Erzeugt von scripts/build_online_fenster.py
deck_name;rank_fenster;count_fenster;share_fenster;count_kumulativ;share_kumulativ;rang_kumulativ;rang_versatz;share_vorfenster;trend_fenster
Dragapult;1;973;10,12;3377;8,1;1;0;9,32;0,8
Alakazam Dudunsparce;2;743;7,73;2548;6,11;3;1;5,93;1,8
Dragapult Dusknoir;3;627;6,52;2428;5,82;5;2;5,37;1,15
N's Zoroark;4;545;5,67;2266;5,43;8;4;4,99;0,68
Slowking;5;545;5,67;2376;5,7;7;2;6,43;-0,76
Mega Excadrill;6;501;5,21;3092;7,41;2;-4;8,1;-2,89
Dragapult Blaziken;7;424;4,41;2423;5,81;6;-1;6,4;-1,99
Dhelmise;8;357;3,71;1699;4,07;10;2;3,5;0,21
Festival Lead;9;339;3,53;2452;5,88;4;-5;5,71;-2,18
Basic Box;10;296;3,08;791;1,9;15;5;1,78;1,3
Grimmsnarl Froslass;11;263;2,73;1739;4,17;9;-2;4,3;-1,57
Mega Lucario;12;238;2,47;879;2,11;13;1;2,94;-0,47
Lucario Hariyama;13;219;2,28;795;1,91;14;1;1,99;0,29
Crustle;14;203;2,11;460;1,1;22;8;0,84;1,27
Raging Bolt Ogerpon;15;201;2,09;920;2,21;12;-3;3,43;-1,34
Lopunny Dusknoir;16;153;1,59;308;0,74;30;14;1,16;0,43
Lopunny Dudunsparce;17;147;1,53;324;0,78;27;10;0,71;0,82
Rocket's Mewtwo;18;147;1,53;386;0,93;24;6;0,62;0,91
Ogerpon Meganium Hydrapple;19;144;1,5;599;1,44;17;-2;1,17;0,33
Cynthia's Garchomp;20;137;1,42;532;1,28;19;-1;1,14;0,28
Alakazam Dusknoir;21;134;1,39;164;0,39;43;22;0,0;1,39
Rocket's Honchkrow;22;117;1,22;546;1,31;18;-4;1,14;0,08
Mega Greninja;23;110;1,14;632;1,52;16;-7;1,2;-0,06
Sharpedo Toxtricity;24;102;1,06;165;0,4;42;18;0,24;0,82
Starmie Froslass;25;93;0,97;308;0,74;29;4;0,69;0,28
Beedrill;26;91;0,95;461;1,11;21;-5;0,85;0,1
Hop's Trevenant;27;85;0,88;319;0,76;28;1;0,87;0,01
Greninja;28;84;0,87;331;0,79;26;-2;1,02;-0,15
Mega Chandelure;29;84;0,87;479;1,15;20;-9;0,93;-0,06
Dragapult Dudunsparce;30;76;0,79;254;0,61;35;5;0,85;-0,06
Kangaskhan Bouffalant;31;75;0,78;346;0,83;25;-6;0,74;0,04
Ogerpon Meganium Arboliva;32;73;0,76;252;0,6;36;4;1,1;-0,34
Toxtricity Box;33;70;0,73;291;0,7;33;0;0,57;0,16
Toucannon;34;68;0,71;1041;2,5;11;-23;1,36;-0,65
Seaking Festival Lead;35;55;0,57;60;0,14;65;30;0,02;0,55
Starmie Dusknoir;36;55;0,57;197;0,47;40;4;0,53;0,04
Mega Darkrai;37;54;0,56;203;0,49;38;1;0,24;0,32
Ethan's Typhlosion;38;46;0,48;297;0,71;32;-6;0,82;-0,34
Steven's Metagross;39;46;0,48;150;0,36;44;5;0,31;0,17
Manectric Eelektrik;40;45;0,47;304;0,73;31;-9;0,7;-0,23
Mega Starmie;41;45;0,47;200;0,48;39;-2;0,57;-0,1
Ceruledge;42;41;0,43;258;0,62;34;-8;0,58;-0,15
Cinccino;43;38;0,4;174;0,42;41;-2;0,39;0,01
Mega Absol Box;44;37;0,38;390;0,93;23;-21;0,45;-0,07
Mega Venusaur;45;35;0,36;230;0,55;37;-8;0,42;-0,06
Hydreigon;46;30;0,31;85;0,2;56;10;0,19;0,12
Okidogi Barbaracle;47;29;0,3;113;0,27;49;2;0,28;0,02
Clefairy Ogerpon;48;28;0,29;127;0,3;47;-1;0,6;-0,31
Mega Charizard X;49;27;0,28;93;0,22;54;5;0,17;0,11
Hop's Zacian;50;26;0,27;73;0,18;62;12;0,17;0,1
Toxtricity;51;23;0,24;146;0,35;45;-6;0,33;-0,09
Azumarill;52;22;0,23;44;0,11;74;22;0,09;0,14
Lillie's Clefairy;53;22;0,23;109;0,26;51;-2;0,3;-0,07
Blaziken Zoroark;54;20;0,21;140;0,34;46;-8;0,27;-0,06
Flareon Noctowl;55;20;0,21;84;0,2;57;2;0,16;0,05
Alakazam;56;19;0,2;25;0,06;85;29;0,01;0,19
Froslass Munkidori;57;19;0,2;112;0,27;50;-7;0,24;-0,04
Mega Abomasnow;58;18;0,19;100;0,24;53;-5;0,2;-0,01
Mega Froslass;59;18;0,19;103;0,25;52;-7;0,45;-0,26
Diancie Dusknoir;60;17;0,18;76;0,18;60;0;0,2;-0,02
Dudunsparce Control;61;15;0,16;26;0,06;83;22;0,01;0,15
Metagross;62;15;0,16;89;0,21;55;-7;0,22;-0,06
Archaludon Dudunsparce;63;13;0,14;33;0,08;80;17;0,05;0,09
Mega Dragonite;64;13;0,14;80;0,19;58;-6;0,18;-0,04
Ogerpon Meganium;65;13;0,14;58;0,14;66;1;0,16;-0,02
Tera Box;66;13;0,14;73;0,18;61;-5;0,18;-0,04
Doublade;67;12;0,12;77;0,18;59;-8;0,17;-0,05
Mamoswine;68;12;0,12;24;0,06;88;20;0,07;0,05
Palafin;69;11;0,11;56;0,13;69;0;0,2;-0,09
Ursaluna Lunatone;70;11;0,11;47;0,11;73;3;0,12;-0,01
Bronzong;71;10;0,1;47;0,11;72;1;0,17;-0,07
Decidueye;72;10;0,1;40;0,1;77;5;0,06;0,04
Marnie's Grimmsnarl;73;10;0,1;70;0,17;63;-10;0,13;-0,03
Mega Camerupt;74;9;0,09;33;0,08;79;5;0,09;0,0
Wailord;75;9;0,09;115;0,28;48;-27;0,1;-0,01
Joltik Box;76;8;0,08;28;0,07;81;5;0,05;0,03
Sylveon;77;8;0,08;19;0,05;95;18;0,04;0,04
Dragapult Froslass;78;7;0,07;26;0,06;84;6;0,03;0,04
Yanmega;79;7;0,07;39;0,09;78;-1;0,09;-0,02
Dragapult Zoroark;80;6;0,06;8;0,02;109;29;0,02;0,04
Erika's Victreebel;81;6;0,06;61;0,15;64;-17;0,05;0,01
Ethan's Magcargo;82;6;0,06;24;0,06;87;5;0,07;-0,01
Froslass Dudunsparce;83;6;0,06;58;0,14;67;-16;0,2;-0,14
Misty's Gyarados;84;6;0,06;21;0,05;93;9;0,04;0,02
Sinistcha Ogerpon;85;6;0,06;23;0,06;89;4;0,09;-0,03
Eelektrik;86;5;0,05;22;0,05;91;5;0,03;0,02
Jellicent Dusknoir;87;5;0,05;27;0,06;82;-5;0,08;-0,03
Mega Lopunny;88;5;0,05;15;0,04;102;14;0,0;0,05
Iono's Bellibolt;89;4;0,04;47;0,11;71;-18;0,1;-0,06
Mega Feraligatr;90;4;0,04;42;0,1;76;-14;0,05;-0,01
Mega Gengar;91;4;0,04;14;0,03;103;12;0,03;0,01
Archaludon;92;3;0,03;42;0,1;75;-17;0,05;-0,02
Blaziken;93;3;0,03;22;0,05;92;-1;0,05;-0,02
Greninja Blaziken;94;3;0,03;19;0,05;94;0;0,05;-0,02
Mega Latias;95;3;0,03;8;0,02;110;15;0,02;0,01
Mega Manectric;96;3;0,03;7;0,02;111;15;0,0;0,03
Raging Bolt Bellibolt;97;3;0,03;10;0,02;106;9;0,02;0,01
Rocket's Spidops;98;3;0,03;16;0,04;101;3;0,02;0,01
Archaludon Zoroark;99;2;0,02;23;0,06;90;-9;0,02;-0,0
Feraligatr;100;2;0,02;13;0,03;104;4;0,03;-0,01
Mega Sharpedo;101;2;0,02;9;0,02;108;7;0,02;-0,0
Scizor;102;2;0,02;12;0,03;105;3;0,01;0,01
Terapagos Noctowl;103;2;0,02;17;0,04;98;-5;0,05;-0,03
Toxtricity Brute Bonnet;104;2;0,02;5;0,01;115;11;0,02;0,0
Tyranitar;105;2;0,02;5;0,01;118;13;0,01;0,01
Zygarde Barbaracle;106;2;0,02;56;0,13;68;-38;0,07;-0,05
Blissey;107;1;0,01;18;0,04;97;-10;0,01;0,0
Dragapult Iron Thorns;108;1;0,01;1;0,0;135;27;0,0;0,01
Flygon;109;1;0,01;10;0,02;107;-2;0,02;-0,01
Galvantula;110;1;0,01;1;0,0;138;28;0,0;0,01
Heatran Metang;111;1;0,01;2;0,0;132;21;0,0;0,01
Hydrapple;112;1;0,01;3;0,01;123;11;0,0;0,01
Iron Thorns;113;1;0,01;56;0,13;70;-43;0,09;-0,08
Luxray;114;1;0,01;6;0,01;113;-1;0,03;-0,02
Mega Diancie;115;1;0,01;5;0,01;116;1;0,02;-0,01
Mega Zygarde;116;1;0,01;18;0,04;96;-20;0,07;-0,06
Paldean Tauros;117;1;0,01;17;0,04;100;-17;0,06;-0,05
Zoroark Crustle;118;1;0,01;6;0,01;114;-4;0,01;0,0
Alolan Exeggutor ex;119;0;0,0;2;0,0;125;6;0,01;-0,01
Bloodmoon Ursaluna;120;0;0,0;3;0,01;122;2;0,02;-0,02
Cinderace;121;0;0,0;5;0,01;119;-2;0,02;-0,02
Cornerstone Mask Ogerpon;122;0;0,0;3;0,01;121;-1;0,0;0,0
Dragonite Eelektrik;123;0;0,0;5;0,01;117;-6;0,0;0,0
Farigiraf;124;0;0,0;2;0,0;126;2;0,0;0,0
Flareon;125;0;0,0;5;0,01;120;-5;0,02;-0,02
Future Box;126;0;0,0;1;0,0;137;11;0,01;-0,01
Gengar;127;0;0,0;17;0,04;99;-28;0,03;-0,03
Hydrapple Ogerpon;128;0;0,0;2;0,0;131;3;0,01;-0,01
Incineroar;129;0;0,0;2;0,0;128;-1;0,02;-0,02
Milotic;130;0;0,0;1;0,0;134;4;0,0;0,0
Okidogi;131;0;0,0;3;0,01;124;-7;0,01;-0,01
Raging Bolt;132;0;0,0;2;0,0;130;-2;0,0;0,0
Rocket's Nidoking;133;0;0,0;24;0,06;86;-47;0,07;-0,07
Rocket's Porygon-Z;134;0;0,0;2;0,0;127;-7;0,01;-0,01
Salamence;135;0;0,0;1;0,0;136;1;0,0;0,0
Scovillain;136;0;0,0;6;0,01;112;-24;0,03;-0,03
Slaking;137;0;0,0;2;0,0;129;-8;0,02;-0,02
Zoroark Lucario;138;0;0,0;1;0,0;133;-5;0,01;-0,01
